kind,name,definition
enum,e_item_status,"create type public.e_item_status as enum ('Available', 'Reserved', 'OutOfStock', 'InUse', 'Missing', 'Damaged', 'Maintenance', 'Consumed', 'NeedsEmptying', 'NeedsRefilling');"
enum,e_request_status,"create type public.e_request_status as enum ('Pending', 'Accepted', 'Rejected');"
enum,e_task_priority,"create type public.e_task_priority as enum ('Low', 'Medium', 'High', 'Critical');"
enum,e_task_status,"create type public.e_task_status as enum ('Started', 'InProgress', 'Completed');"
columns,conversation_opt_outs,"conversation_id uuid not null
user_id uuid not null
created_at timestamp with time zone not null default now()"
columns,conversation_participants,"conversation_id uuid not null
user_id uuid not null
joined_at timestamp with time zone not null default now()
last_read_at timestamp with time zone
completion_choice text"
columns,conversations,"id uuid not null default gen_random_uuid()
organisation_id uuid not null
is_group boolean not null default false
name text
created_by uuid not null
created_at timestamp with time zone not null default now()
archived_at timestamp with time zone
archived_by uuid
task_id uuid
room_id uuid
closed_at timestamp with time zone"
columns,data_layer_categories,"id uuid not null default gen_random_uuid()
organisation_id uuid not null
parent_category_id uuid
title text not null
rank integer not null default 0"
columns,data_layer_favorites,"id uuid not null default gen_random_uuid()
user_id uuid not null default auth.uid()
organisation_id uuid not null
category_id uuid
location_id uuid
created_at timestamp with time zone not null default now()"
columns,data_layer_item_units,"id uuid not null default gen_random_uuid()
organisation_id uuid not null
item_id uuid not null
location_id uuid
serial_number text
quantity numeric not null default 1
status e_item_status not null default 'Available'::e_item_status
created_at timestamp with time zone not null default now()
contents_total numeric
contents_remaining numeric
contents_empty_status e_item_status
contents_partial_status e_item_status
contents_full_status e_item_status"
columns,data_layer_items,"id uuid not null default gen_random_uuid()
organisation_id uuid not null
category_id uuid not null
location_id uuid
name text not null
description text
packaging text
unit_of_measurement text not null default 'stk'::text
package_size numeric"
columns,locations,"id uuid not null default gen_random_uuid()
organisation_id uuid not null
name text not null
description text
address text
parent_location_id uuid"
columns,membership_invitations,"id uuid not null default gen_random_uuid()
organisation_id uuid not null
invited_user_id uuid not null
invited_by uuid
status e_request_status not null default 'Pending'::e_request_status
created_at timestamp with time zone not null default now()
reviewed_at timestamp with time zone"
columns,membership_requests,"id uuid not null default gen_random_uuid()
user_id uuid not null
organisation_id uuid not null
status e_request_status not null default 'Pending'::e_request_status
requested_at timestamp with time zone not null default now()
reviewed_at timestamp with time zone
reviewed_by uuid"
columns,memberships,"id uuid not null default gen_random_uuid()
user_id uuid not null
organisation_id uuid not null
role_id uuid
created_at timestamp with time zone not null default now()"
columns,messages,"id uuid not null default gen_random_uuid()
conversation_id uuid not null
sender_id uuid not null
content text not null
created_at timestamp with time zone not null default now()
message_type text not null default 'user'::text
edited_at timestamp with time zone
deleted_at timestamp with time zone"
columns,news,"id uuid not null default gen_random_uuid()
title text not null
description text
picture_url text
published_at timestamp with time zone not null default now()
organisation_id uuid not null
url text"
columns,notification_preferences,"user_id uuid not null default auth.uid()
enabled boolean not null default true
muted_types text[] not null default '{}'::text[]
updated_at timestamp with time zone not null default now()"
columns,notifications,"id uuid not null default gen_random_uuid()
user_id uuid not null
organisation_id uuid not null
type text not null
title text not null
body text
link text
reference_id uuid
is_read boolean not null default false
created_at timestamp with time zone not null default now()
dismissed_at timestamp with time zone"
columns,organisations,"id uuid not null default gen_random_uuid()
name text not null
created_at timestamp with time zone not null default now()
color text
header_color text
footer_color text
saved_colors text[] not null default ARRAY['#C7975D'::text, '#071B33'::text, '#3E5574'::text]
header_text_color text
footer_text_color text"
columns,privileges,"id uuid not null default gen_random_uuid()
role_id uuid not null
name text not null"
columns,profiles,"id uuid not null
first_name text not null
last_name text not null
email text not null
description text
note_admin text
url_picture text
active_organisation_id uuid
created_at timestamp with time zone not null default now()"
columns,roles,"id uuid not null default gen_random_uuid()
organisation_id uuid not null
name text not null
created_at timestamp with time zone not null default now()"
columns,statistics_snapshots,"id uuid not null default gen_random_uuid()
organisation_id uuid not null
period_start timestamp with time zone not null
period_end timestamp with time zone not null
created_at timestamp with time zone not null default now()
label text"
columns,statistics_values,"id uuid not null default gen_random_uuid()
snapshot_id uuid not null
name text not null
value numeric not null
period_start timestamp with time zone
period_end timestamp with time zone"
columns,task_assignees,"task_id uuid not null
user_id uuid not null
assigned_by uuid not null
assigned_at timestamp with time zone not null default now()"
columns,task_material_units,"task_material_id uuid not null
unit_id uuid not null"
columns,task_materials,"id uuid not null default gen_random_uuid()
task_id uuid not null
item_id uuid not null
quantity numeric not null default 1"
columns,task_participants,"task_id uuid not null
user_id uuid not null"
columns,task_requests,"id uuid not null default gen_random_uuid()
task_id uuid not null
requested_by uuid not null
requested_at timestamp with time zone not null default now()
status e_request_status not null default 'Pending'::e_request_status
handled_by uuid
done_at timestamp with time zone
material_outcomes jsonb
rejection_reason text"
columns,task_room_favorites,"id uuid not null default gen_random_uuid()
user_id uuid not null default auth.uid()
organisation_id uuid not null
room_id uuid not null
created_at timestamp with time zone not null default now()"
columns,task_room_roles,"room_id uuid not null
role_id uuid not null"
columns,task_rooms,"id uuid not null default gen_random_uuid()
organisation_id uuid not null
name text not null
created_at timestamp with time zone not null default now()"
columns,tasks,"id uuid not null default gen_random_uuid()
organisation_id uuid not null
title text not null
description text
start_date timestamp with time zone
end_date timestamp with time zone
status e_task_status not null default 'Started'::e_task_status
room_id uuid
priority e_task_priority
max_assignees integer
created_at timestamp with time zone not null default now()
finished_at timestamp with time zone
requires_approval boolean not null default true"
constraint,conversation_opt_outs :: conversation_opt_outs_conversation_id_,FOREIGN KEY (conversation_id) REFERENCES conversations(id) ON DELETE CASCADE
constraint,conversation_opt_outs :: conversation_opt_outs_pkey,"PRIMARY KEY (conversation_id, user_id)"
constraint,conversation_opt_outs :: conversation_opt_outs_user_id_fkey,FOREIGN KEY (user_id) REFERENCES auth.users(id) ON DELETE CASCADE
constraint,conversation_participants :: conversation_participants_completi,"CHECK ((completion_choice = ANY (ARRAY['keep'::text, 'close'::text])))"
constraint,conversation_participants :: conversation_participants_conversa,FOREIGN KEY (conversation_id) REFERENCES conversations(id) ON DELETE CASCADE
constraint,conversation_participants :: conversation_participants_pkey,"PRIMARY KEY (conversation_id, user_id)"
constraint,conversation_participants :: conversation_participants_user_id_,FOREIGN KEY (user_id) REFERENCES profiles(id) ON DELETE CASCADE
constraint,conversations :: conversations_archived_by_fkey,FOREIGN KEY (archived_by) REFERENCES profiles(id)
constraint,conversations :: conversations_created_by_fkey,FOREIGN KEY (created_by) REFERENCES profiles(id) ON DELETE CASCADE
constraint,conversations :: conversations_group_name_check,CHECK ((is_group OR (name IS NULL)))
constraint,conversations :: conversations_organisation_id_fkey,FOREIGN KEY (organisation_id) REFERENCES organisations(id) ON DELETE CASCADE
constraint,conversations :: conversations_pkey,PRIMARY KEY (id)
constraint,conversations :: conversations_room_id_fkey,FOREIGN KEY (room_id) REFERENCES task_rooms(id) ON DELETE CASCADE
constraint,conversations :: conversations_room_id_key,UNIQUE (room_id)
constraint,conversations :: conversations_single_source_check,"CHECK ((num_nonnulls(task_id, room_id) <= 1))"
constraint,conversations :: conversations_system_is_group_check,CHECK ((((task_id IS NULL) AND (room_id IS NULL)) OR is_group))
constraint,conversations :: conversations_task_id_fkey,FOREIGN KEY (task_id) REFERENCES tasks(id) ON DELETE CASCADE
constraint,conversations :: conversations_task_id_key,UNIQUE (task_id)
constraint,data_layer_categories :: data_layer_categories_organisation_id_,FOREIGN KEY (organisation_id) REFERENCES organisations(id) ON DELETE CASCADE
constraint,data_layer_categories :: data_layer_categories_parent_category_,FOREIGN KEY (parent_category_id) REFERENCES data_layer_categories(id) ON DELETE SET NULL
constraint,data_layer_categories :: data_layer_categories_pkey,PRIMARY KEY (id)
constraint,data_layer_favorites :: data_layer_favorites_category_id_fkey,FOREIGN KEY (category_id) REFERENCES data_layer_categories(id) ON DELETE CASCADE
constraint,data_layer_favorites :: data_layer_favorites_location_id_fkey,FOREIGN KEY (location_id) REFERENCES locations(id) ON DELETE CASCADE
constraint,data_layer_favorites :: data_layer_favorites_one_target,"CHECK ((num_nonnulls(category_id, location_id) = 1))"
constraint,data_layer_favorites :: data_layer_favorites_organisation_id_fk,FOREIGN KEY (organisation_id) REFERENCES organisations(id) ON DELETE CASCADE
constraint,data_layer_favorites :: data_layer_favorites_pkey,PRIMARY KEY (id)
constraint,data_layer_favorites :: data_layer_favorites_user_category_key,"UNIQUE (user_id, category_id)"
constraint,data_layer_favorites :: data_layer_favorites_user_id_fkey,FOREIGN KEY (user_id) REFERENCES profiles(id) ON DELETE CASCADE
constraint,data_layer_favorites :: data_layer_favorites_user_location_key,"UNIQUE (user_id, location_id)"
constraint,data_layer_item_units :: contents_range,CHECK ((((contents_total IS NULL) AND (contents_remaining IS NULL)) OR ((contents_total IS NOT NULL) AND (contents_remaining IS NULL)) OR ((contents_total IS NOT NULL) AND (contents_remaining IS NOT NULL) AND (contents_remaining >= (0)::numeric) AND (contents_remaining <= contents_total))))
constraint,data_layer_item_units :: data_layer_item_units_item_id_fkey,FOREIGN KEY (item_id) REFERENCES data_layer_items(id) ON DELETE CASCADE
constraint,data_layer_item_units :: data_layer_item_units_location_id_fkey,FOREIGN KEY (location_id) REFERENCES locations(id) ON DELETE SET NULL
constraint,data_layer_item_units :: data_layer_item_units_organisation_id_,FOREIGN KEY (organisation_id) REFERENCES organisations(id) ON DELETE CASCADE
constraint,data_layer_item_units :: data_layer_item_units_pkey,PRIMARY KEY (id)
constraint,data_layer_item_units :: quantity_positive_unless_capacity,CHECK ((((contents_total IS NOT NULL) AND (quantity >= (0)::numeric)) OR ((contents_total IS NULL) AND (quantity > (0)::numeric))))
constraint,data_layer_item_units :: serial_requires_single_quantity,CHECK (((serial_number IS NULL) OR (quantity = (1)::numeric)))
constraint,data_layer_items :: data_layer_items_category_id_fkey,FOREIGN KEY (category_id) REFERENCES data_layer_categories(id) ON DELETE CASCADE
constraint,data_layer_items :: data_layer_items_location_id_fkey,FOREIGN KEY (location_id) REFERENCES locations(id) ON DELETE SET NULL
constraint,data_layer_items :: data_layer_items_organisation_id_fkey,FOREIGN KEY (organisation_id) REFERENCES organisations(id) ON DELETE CASCADE
constraint,data_layer_items :: data_layer_items_pkey,PRIMARY KEY (id)
constraint,data_layer_items :: package_size_positive,CHECK (((package_size IS NULL) OR (package_size > (0)::numeric)))
constraint,locations :: locations_organisation_id_fkey,FOREIGN KEY (organisation_id) REFERENCES organisations(id) ON DELETE CASCADE
constraint,locations :: locations_parent_location_id_fkey,FOREIGN KEY (parent_location_id) REFERENCES locations(id) ON DELETE CASCADE
constraint,locations :: locations_pkey,PRIMARY KEY (id)
constraint,membership_invitations :: membership_invitations_invited_by_fke,FOREIGN KEY (invited_by) REFERENCES profiles(id) ON DELETE SET NULL
constraint,membership_invitations :: membership_invitations_invited_user_i,FOREIGN KEY (invited_user_id) REFERENCES profiles(id) ON DELETE CASCADE
constraint,membership_invitations :: membership_invitations_organisation_i,FOREIGN KEY (organisation_id) REFERENCES organisations(id) ON DELETE CASCADE
constraint,membership_invitations :: membership_invitations_pkey,PRIMARY KEY (id)
constraint,membership_requests :: membership_requests_organisation_id_fkey,FOREIGN KEY (organisation_id) REFERENCES organisations(id) ON DELETE CASCADE
constraint,membership_requests :: membership_requests_pkey,PRIMARY KEY (id)
constraint,membership_requests :: membership_requests_reviewed_by_fkey,FOREIGN KEY (reviewed_by) REFERENCES profiles(id) ON DELETE SET NULL
constraint,membership_requests :: membership_requests_user_id_fkey,FOREIGN KEY (user_id) REFERENCES profiles(id) ON DELETE CASCADE
constraint,memberships :: memberships_organisation_id_fkey,FOREIGN KEY (organisation_id) REFERENCES organisations(id) ON DELETE CASCADE
constraint,memberships :: memberships_pkey,PRIMARY KEY (id)
constraint,memberships :: memberships_role_id_fkey,FOREIGN KEY (role_id) REFERENCES roles(id) ON DELETE SET NULL
constraint,memberships :: memberships_user_id_fkey,FOREIGN KEY (user_id) REFERENCES profiles(id) ON DELETE CASCADE
constraint,memberships :: memberships_user_id_organisation_id_key,"UNIQUE (user_id, organisation_id)"
constraint,messages :: messages_content_check,CHECK (((deleted_at IS NOT NULL) OR (btrim(content) <> ''::text)))
constraint,messages :: messages_conversation_id_fkey,FOREIGN KEY (conversation_id) REFERENCES conversations(id) ON DELETE CASCADE
constraint,messages :: messages_message_type_check,"CHECK ((message_type = ANY (ARRAY['user'::text, 'system'::text])))"
constraint,messages :: messages_pkey,PRIMARY KEY (id)
constraint,messages :: messages_sender_id_fkey,FOREIGN KEY (sender_id) REFERENCES profiles(id) ON DELETE CASCADE
constraint,news :: news_organisation_id_fkey,FOREIGN KEY (organisation_id) REFERENCES organisations(id) ON DELETE CASCADE
constraint,news :: news_pkey,PRIMARY KEY (id)
constraint,notification_preferences :: notification_preferences_pkey,PRIMARY KEY (user_id)
constraint,notification_preferences :: notification_preferences_user_id_fk,FOREIGN KEY (user_id) REFERENCES profiles(id) ON DELETE CASCADE
constraint,notifications :: notifications_organisation_id_fkey,FOREIGN KEY (organisation_id) REFERENCES organisations(id) ON DELETE CASCADE
constraint,notifications :: notifications_pkey,PRIMARY KEY (id)
constraint,notifications :: notifications_type_check,"CHECK ((type = ANY (ARRAY['message'::text, 'task_assigned'::text, 'task_updated'::text, 'task_completed'::text, 'task_approved'::text, 'task_rejected'::text, 'news'::text, 'task_favorite_room'::text, 'membership_invitation'::text])))"
constraint,notifications :: notifications_user_id_fkey,FOREIGN KEY (user_id) REFERENCES profiles(id) ON DELETE CASCADE
constraint,organisations :: organisations_color_hex_check,CHECK (((color IS NULL) OR (color ~ '^#[0-9A-Fa-f]{6}$'::text)))
constraint,organisations :: organisations_footer_color_hex_check,CHECK (((footer_color IS NULL) OR (footer_color ~ '^#[0-9A-Fa-f]{6}$'::text)))
constraint,organisations :: organisations_footer_text_color_hex_check,CHECK (((footer_text_color IS NULL) OR (footer_text_color ~ '^#[0-9A-Fa-f]{6}$'::text)))
constraint,organisations :: organisations_header_color_hex_check,CHECK (((header_color IS NULL) OR (header_color ~ '^#[0-9A-Fa-f]{6}$'::text)))
constraint,organisations :: organisations_header_text_color_hex_check,CHECK (((header_text_color IS NULL) OR (header_text_color ~ '^#[0-9A-Fa-f]{6}$'::text)))
constraint,organisations :: organisations_pkey,PRIMARY KEY (id)
constraint,privileges :: privileges_pkey,PRIMARY KEY (id)
constraint,privileges :: privileges_role_id_fkey,FOREIGN KEY (role_id) REFERENCES roles(id) ON DELETE CASCADE
constraint,privileges :: privileges_role_id_name_key,"UNIQUE (role_id, name)"
constraint,profiles :: profiles_email_key,UNIQUE (email)
constraint,profiles :: profiles_id_fkey,FOREIGN KEY (id) REFERENCES auth.users(id) ON DELETE CASCADE
constraint,profiles :: profiles_organisation_id_fkey,FOREIGN KEY (active_organisation_id) REFERENCES organisations(id) ON DELETE SET NULL
constraint,profiles :: profiles_pkey,PRIMARY KEY (id)
constraint,roles :: roles_organisation_id_fkey,FOREIGN KEY (organisation_id) REFERENCES organisations(id) ON DELETE CASCADE
constraint,roles :: roles_organisation_id_name_key,"UNIQUE (organisation_id, name)"
constraint,roles :: roles_pkey,PRIMARY KEY (id)
constraint,statistics_snapshots :: statistics_snapshots_organisation_id_fk,FOREIGN KEY (organisation_id) REFERENCES organisations(id) ON DELETE CASCADE
constraint,statistics_snapshots :: statistics_snapshots_pkey,PRIMARY KEY (id)
constraint,statistics_values :: statistics_values_period_check,CHECK ((period_end >= period_start))
constraint,statistics_values :: statistics_values_pkey,PRIMARY KEY (id)
constraint,statistics_values :: statistics_values_snapshot_id_fkey,FOREIGN KEY (snapshot_id) REFERENCES statistics_snapshots(id) ON DELETE CASCADE
constraint,task_assignees :: task_assignees_assigned_by_fkey,FOREIGN KEY (assigned_by) REFERENCES profiles(id)
constraint,task_assignees :: task_assignees_pkey,"PRIMARY KEY (task_id, user_id)"
constraint,task_assignees :: task_assignees_task_id_fkey,FOREIGN KEY (task_id) REFERENCES tasks(id) ON DELETE CASCADE
constraint,task_assignees :: task_assignees_user_id_fkey,FOREIGN KEY (user_id) REFERENCES profiles(id) ON DELETE CASCADE
constraint,task_material_units :: task_material_units_pkey,"PRIMARY KEY (task_material_id, unit_id)"
constraint,task_material_units :: task_material_units_task_material_id_fke,FOREIGN KEY (task_material_id) REFERENCES task_materials(id) ON DELETE CASCADE
constraint,task_material_units :: task_material_units_unit_id_fkey,FOREIGN KEY (unit_id) REFERENCES data_layer_item_units(id) ON DELETE CASCADE
constraint,task_materials :: task_materials_item_id_fkey,FOREIGN KEY (item_id) REFERENCES data_layer_items(id) ON DELETE CASCADE
constraint,task_materials :: task_materials_pkey,PRIMARY KEY (id)
constraint,task_materials :: task_materials_task_id_fkey,FOREIGN KEY (task_id) REFERENCES tasks(id) ON DELETE CASCADE
constraint,task_participants :: task_participants_pkey,"PRIMARY KEY (task_id, user_id)"
constraint,task_participants :: task_participants_task_id_fkey,FOREIGN KEY (task_id) REFERENCES tasks(id) ON DELETE CASCADE
constraint,task_participants :: task_participants_user_id_fkey,FOREIGN KEY (user_id) REFERENCES profiles(id) ON DELETE CASCADE
constraint,task_requests :: task_requests_handled_by_fkey,FOREIGN KEY (handled_by) REFERENCES profiles(id)
constraint,task_requests :: task_requests_pkey,PRIMARY KEY (id)
constraint,task_requests :: task_requests_requested_by_fkey,FOREIGN KEY (requested_by) REFERENCES profiles(id)
constraint,task_requests :: task_requests_task_id_fkey,FOREIGN KEY (task_id) REFERENCES tasks(id) ON DELETE CASCADE
constraint,task_room_favorites :: task_room_favorites_organisation_id_fkey,FOREIGN KEY (organisation_id) REFERENCES organisations(id) ON DELETE CASCADE
constraint,task_room_favorites :: task_room_favorites_pkey,PRIMARY KEY (id)
constraint,task_room_favorites :: task_room_favorites_room_id_fkey,FOREIGN KEY (room_id) REFERENCES task_rooms(id) ON DELETE CASCADE
constraint,task_room_favorites :: task_room_favorites_user_id_fkey,FOREIGN KEY (user_id) REFERENCES profiles(id) ON DELETE CASCADE
constraint,task_room_favorites :: task_room_favorites_user_room_key,"UNIQUE (user_id, room_id)"
constraint,task_room_roles :: task_room_roles_pkey,"PRIMARY KEY (room_id, role_id)"
constraint,task_room_roles :: task_room_roles_role_id_fkey,FOREIGN KEY (role_id) REFERENCES roles(id) ON DELETE CASCADE
constraint,task_room_roles :: task_room_roles_room_id_fkey,FOREIGN KEY (room_id) REFERENCES task_rooms(id) ON DELETE CASCADE
constraint,task_rooms :: task_rooms_organisation_id_fkey,FOREIGN KEY (organisation_id) REFERENCES organisations(id) ON DELETE CASCADE
constraint,task_rooms :: task_rooms_pkey,PRIMARY KEY (id)
constraint,tasks :: tasks_organisation_id_fkey,FOREIGN KEY (organisation_id) REFERENCES organisations(id) ON DELETE CASCADE
constraint,tasks :: tasks_pkey,PRIMARY KEY (id)
constraint,tasks :: tasks_room_id_fkey,FOREIGN KEY (room_id) REFERENCES task_rooms(id) ON DELETE SET NULL
index,conversation_opt_outs :: conversation_opt_outs_pkey,"CREATE UNIQUE INDEX conversation_opt_outs_pkey ON public.conversation_opt_outs USING btree (conversation_id, user_id)"
index,conversation_participants :: conversation_participants_pkey,"CREATE UNIQUE INDEX conversation_participants_pkey ON public.conversation_participants USING btree (conversation_id, user_id)"
index,conversation_participants :: idx_conversation_participants_user,"CREATE INDEX idx_conversation_participants_user ON public.conversation_participants USING btree (user_id, conversation_id)"
index,conversations :: conversations_archived_at_idx,"CREATE INDEX conversations_archived_at_idx ON public.conversations USING btree (organisation_id, archived_at)"
index,conversations :: conversations_pkey,CREATE UNIQUE INDEX conversations_pkey ON public.conversations USING btree (id)
index,conversations :: conversations_room_id_key,CREATE UNIQUE INDEX conversations_room_id_key ON public.conversations USING btree (room_id)
index,conversations :: conversations_task_id_key,CREATE UNIQUE INDEX conversations_task_id_key ON public.conversations USING btree (task_id)
index,data_layer_categories :: data_layer_categories_pkey,CREATE UNIQUE INDEX data_layer_categories_pkey ON public.data_layer_categories USING btree (id)
index,data_layer_categories :: idx_categories_org,CREATE INDEX idx_categories_org ON public.data_layer_categories USING btree (organisation_id)
index,data_layer_categories :: idx_categories_parent,CREATE INDEX idx_categories_parent ON public.data_layer_categories USING btree (parent_category_id)
index,data_layer_favorites :: data_layer_favorites_pkey,CREATE UNIQUE INDEX data_layer_favorites_pkey ON public.data_layer_favorites USING btree (id)
index,data_layer_favorites :: data_layer_favorites_user_category_key,"CREATE UNIQUE INDEX data_layer_favorites_user_category_key ON public.data_layer_favorites USING btree (user_id, category_id)"
index,data_layer_favorites :: data_layer_favorites_user_location_key,"CREATE UNIQUE INDEX data_layer_favorites_user_location_key ON public.data_layer_favorites USING btree (user_id, location_id)"
index,data_layer_favorites :: idx_data_layer_favorites_user_org,"CREATE INDEX idx_data_layer_favorites_user_org ON public.data_layer_favorites USING btree (user_id, organisation_id)"
index,data_layer_item_units :: data_layer_item_units_pkey,CREATE UNIQUE INDEX data_layer_item_units_pkey ON public.data_layer_item_units USING btree (id)
index,data_layer_item_units :: idx_item_units_item,CREATE INDEX idx_item_units_item ON public.data_layer_item_units USING btree (item_id)
index,data_layer_item_units :: idx_item_units_org,CREATE INDEX idx_item_units_org ON public.data_layer_item_units USING btree (organisation_id)
index,data_layer_item_units :: idx_item_units_serial_item,"CREATE UNIQUE INDEX idx_item_units_serial_item ON public.data_layer_item_units USING btree (item_id, serial_number) WHERE (serial_number IS NOT NULL)"
index,data_layer_item_units :: idx_item_units_status,CREATE INDEX idx_item_units_status ON public.data_layer_item_units USING btree (status)
index,data_layer_items :: data_layer_items_pkey,CREATE UNIQUE INDEX data_layer_items_pkey ON public.data_layer_items USING btree (id)
index,data_layer_items :: idx_items_category,CREATE INDEX idx_items_category ON public.data_layer_items USING btree (category_id)
index,data_layer_items :: idx_items_location,CREATE INDEX idx_items_location ON public.data_layer_items USING btree (location_id)
index,data_layer_items :: idx_items_org,CREATE INDEX idx_items_org ON public.data_layer_items USING btree (organisation_id)
index,locations :: idx_locations_org,CREATE INDEX idx_locations_org ON public.locations USING btree (organisation_id)
index,locations :: idx_locations_parent,CREATE INDEX idx_locations_parent ON public.locations USING btree (parent_location_id)
index,locations :: locations_pkey,CREATE UNIQUE INDEX locations_pkey ON public.locations USING btree (id)
index,membership_invitations :: idx_membership_invitations_org,CREATE INDEX idx_membership_invitations_org ON public.membership_invitations USING btree (organisation_id)
index,membership_invitations :: idx_membership_invitations_user,CREATE INDEX idx_membership_invitations_user ON public.membership_invitations USING btree (invited_user_id)
index,membership_invitations :: membership_invitations_pkey,CREATE UNIQUE INDEX membership_invitations_pkey ON public.membership_invitations USING btree (id)
index,membership_invitations :: membership_invitations_unique_pending,"CREATE UNIQUE INDEX membership_invitations_unique_pending ON public.membership_invitations USING btree (invited_user_id, organisation_id) WHERE (status = 'Pending'::e_request_status)"
index,membership_requests :: idx_membership_requests_org,CREATE INDEX idx_membership_requests_org ON public.membership_requests USING btree (organisation_id)
index,membership_requests :: idx_membership_requests_user,CREATE INDEX idx_membership_requests_user ON public.membership_requests USING btree (user_id)
index,membership_requests :: membership_requests_pkey,CREATE UNIQUE INDEX membership_requests_pkey ON public.membership_requests USING btree (id)
index,membership_requests :: membership_requests_unique_pending,"CREATE UNIQUE INDEX membership_requests_unique_pending ON public.membership_requests USING btree (user_id, organisation_id) WHERE (status = 'Pending'::e_request_status)"
index,memberships :: idx_memberships_org,CREATE INDEX idx_memberships_org ON public.memberships USING btree (organisation_id)
index,memberships :: idx_memberships_user,CREATE INDEX idx_memberships_user ON public.memberships USING btree (user_id)
index,memberships :: memberships_pkey,CREATE UNIQUE INDEX memberships_pkey ON public.memberships USING btree (id)
index,memberships :: memberships_user_id_organisation_id_key,"CREATE UNIQUE INDEX memberships_user_id_organisation_id_key ON public.memberships USING btree (user_id, organisation_id)"
index,messages :: idx_messages_conversation_created,"CREATE INDEX idx_messages_conversation_created ON public.messages USING btree (conversation_id, created_at DESC)"
index,messages :: messages_pkey,CREATE UNIQUE INDEX messages_pkey ON public.messages USING btree (id)
index,news :: idx_news_organisation,CREATE INDEX idx_news_organisation ON public.news USING btree (organisation_id)
index,news :: news_pkey,CREATE UNIQUE INDEX news_pkey ON public.news USING btree (id)
index,notification_preferences :: notification_preferences_pkey,CREATE UNIQUE INDEX notification_preferences_pkey ON public.notification_preferences USING btree (user_id)
index,notifications :: idx_notifications_unread,CREATE INDEX idx_notifications_unread ON public.notifications USING btree (user_id) WHERE (is_read = false)
index,notifications :: idx_notifications_user,"CREATE INDEX idx_notifications_user ON public.notifications USING btree (user_id, created_at DESC)"
index,notifications :: notifications_pkey,CREATE UNIQUE INDEX notifications_pkey ON public.notifications USING btree (id)
index,notifications :: notifications_user_active_idx,"CREATE INDEX notifications_user_active_idx ON public.notifications USING btree (user_id, created_at DESC) WHERE (dismissed_at IS NULL)"
index,organisations :: organisations_name_unique,CREATE UNIQUE INDEX organisations_name_unique ON public.organisations USING btree (lower(TRIM(BOTH FROM name)))
index,organisations :: organisations_pkey,CREATE UNIQUE INDEX organisations_pkey ON public.organisations USING btree (id)
index,privileges :: privileges_pkey,CREATE UNIQUE INDEX privileges_pkey ON public.privileges USING btree (id)
index,privileges :: privileges_role_id_name_key,"CREATE UNIQUE INDEX privileges_role_id_name_key ON public.privileges USING btree (role_id, name)"
index,profiles :: profiles_email_key,CREATE UNIQUE INDEX profiles_email_key ON public.profiles USING btree (email)
index,profiles :: profiles_pkey,CREATE UNIQUE INDEX profiles_pkey ON public.profiles USING btree (id)
index,roles :: roles_organisation_id_name_key,"CREATE UNIQUE INDEX roles_organisation_id_name_key ON public.roles USING btree (organisation_id, name)"
index,roles :: roles_pkey,CREATE UNIQUE INDEX roles_pkey ON public.roles USING btree (id)
index,statistics_snapshots :: idx_snapshots_org,CREATE INDEX idx_snapshots_org ON public.statistics_snapshots USING btree (organisation_id)
index,statistics_snapshots :: statistics_snapshots_pkey,CREATE UNIQUE INDEX statistics_snapshots_pkey ON public.statistics_snapshots USING btree (id)
index,statistics_values :: idx_stat_values_snapshot,CREATE INDEX idx_stat_values_snapshot ON public.statistics_values USING btree (snapshot_id)
index,statistics_values :: statistics_values_pkey,CREATE UNIQUE INDEX statistics_values_pkey ON public.statistics_values USING btree (id)
index,task_assignees :: task_assignees_pkey,"CREATE UNIQUE INDEX task_assignees_pkey ON public.task_assignees USING btree (task_id, user_id)"
index,task_material_units :: idx_task_material_units_material,CREATE INDEX idx_task_material_units_material ON public.task_material_units USING btree (task_material_id)
index,task_material_units :: idx_task_material_units_unit,CREATE INDEX idx_task_material_units_unit ON public.task_material_units USING btree (unit_id)
index,task_material_units :: task_material_units_pkey,"CREATE UNIQUE INDEX task_material_units_pkey ON public.task_material_units USING btree (task_material_id, unit_id)"
index,task_materials :: idx_task_materials_item,CREATE INDEX idx_task_materials_item ON public.task_materials USING btree (item_id)
index,task_materials :: idx_task_materials_task,CREATE INDEX idx_task_materials_task ON public.task_materials USING btree (task_id)
index,task_materials :: task_materials_pkey,CREATE UNIQUE INDEX task_materials_pkey ON public.task_materials USING btree (id)
index,task_participants :: task_participants_pkey,"CREATE UNIQUE INDEX task_participants_pkey ON public.task_participants USING btree (task_id, user_id)"
index,task_requests :: task_requests_pkey,CREATE UNIQUE INDEX task_requests_pkey ON public.task_requests USING btree (id)
index,task_room_favorites :: idx_task_room_favorites_user_org,"CREATE INDEX idx_task_room_favorites_user_org ON public.task_room_favorites USING btree (user_id, organisation_id)"
index,task_room_favorites :: task_room_favorites_pkey,CREATE UNIQUE INDEX task_room_favorites_pkey ON public.task_room_favorites USING btree (id)
index,task_room_favorites :: task_room_favorites_user_room_key,"CREATE UNIQUE INDEX task_room_favorites_user_room_key ON public.task_room_favorites USING btree (user_id, room_id)"
index,task_room_roles :: idx_task_room_roles_role,CREATE INDEX idx_task_room_roles_role ON public.task_room_roles USING btree (role_id)
index,task_room_roles :: task_room_roles_pkey,"CREATE UNIQUE INDEX task_room_roles_pkey ON public.task_room_roles USING btree (room_id, role_id)"
index,task_rooms :: idx_task_rooms_org,CREATE INDEX idx_task_rooms_org ON public.task_rooms USING btree (organisation_id)
index,task_rooms :: task_rooms_pkey,CREATE UNIQUE INDEX task_rooms_pkey ON public.task_rooms USING btree (id)
index,tasks :: idx_tasks_org,CREATE INDEX idx_tasks_org ON public.tasks USING btree (organisation_id)
index,tasks :: idx_tasks_room,CREATE INDEX idx_tasks_room ON public.tasks USING btree (room_id)
index,tasks :: idx_tasks_status,CREATE INDEX idx_tasks_status ON public.tasks USING btree (status)
index,tasks :: tasks_pkey,CREATE UNIQUE INDEX tasks_pkey ON public.tasks USING btree (id)
rls_enabled,conversation_opt_outs,ENABLED
rls_enabled,conversation_participants,ENABLED
rls_enabled,conversations,ENABLED
rls_enabled,data_layer_categories,ENABLED
rls_enabled,data_layer_favorites,ENABLED
rls_enabled,data_layer_item_units,ENABLED
rls_enabled,data_layer_items,ENABLED
rls_enabled,locations,ENABLED
rls_enabled,membership_invitations,ENABLED
rls_enabled,membership_requests,ENABLED
rls_enabled,memberships,ENABLED
rls_enabled,messages,ENABLED
rls_enabled,news,ENABLED
rls_enabled,notification_preferences,ENABLED
rls_enabled,notifications,ENABLED
rls_enabled,organisations,ENABLED
rls_enabled,privileges,ENABLED
rls_enabled,profiles,ENABLED
rls_enabled,roles,ENABLED
rls_enabled,statistics_snapshots,ENABLED
rls_enabled,statistics_values,ENABLED
rls_enabled,task_assignees,ENABLED
rls_enabled,task_material_units,ENABLED
rls_enabled,task_materials,ENABLED
rls_enabled,task_participants,ENABLED
rls_enabled,task_requests,ENABLED
rls_enabled,task_room_favorites,ENABLED
rls_enabled,task_room_roles,ENABLED
rls_enabled,task_rooms,ENABLED
rls_enabled,tasks,ENABLED
policy,conversation_participants :: Admins can view conversation parti,"create policy ""Admins can view conversation participants""
  on public.conversation_participants
  for select
  to authenticated
  using ((EXISTS ( SELECT 1
   FROM conversations c
  WHERE ((c.id = conversation_participants.conversation_id) AND is_organisation_admin(c.organisation_id)))));"
policy,conversation_participants :: Se deltagerlister for egne samtale,"create policy ""Se deltagerlister for egne samtaler""
  on public.conversation_participants
  for select
  to authenticated
  using (is_conversation_participant(conversation_id));"
policy,conversations :: Admins can view archived conversations,"create policy ""Admins can view archived conversations""
  on public.conversations
  for select
  to authenticated
  using (is_organisation_admin(organisation_id));"
policy,conversations :: Rum-chat kræver rum-adgang (samtaler),"create policy ""Rum-chat kræver rum-adgang (samtaler)""
  on public.conversations
  as restrictive
  for select
  to authenticated
  using (((room_id IS NULL) OR can_access_task_room(room_id)));"
policy,conversations :: Samtaler kun i aktiv organisation,"create policy ""Samtaler kun i aktiv organisation""
  on public.conversations
  as restrictive
  for select
  to authenticated
  using ((organisation_id = auth_profile_org()));"
policy,conversations :: Se samtaler man deltager i,"create policy ""Se samtaler man deltager i""
  on public.conversations
  for select
  to authenticated
  using (is_conversation_participant(id));"
policy,data_layer_categories :: Opret datalayer-kategorier i egen orga,"create policy ""Opret datalayer-kategorier i egen organisation""
  on public.data_layer_categories
  for insert
  to authenticated
  with check (((organisation_id = auth_profile_org()) AND has_privilege_or_admin('create_datalayer'::text)));"
policy,data_layer_categories :: Rediger datalayer-kategorier i egen or,"create policy ""Rediger datalayer-kategorier i egen organisation""
  on public.data_layer_categories
  for update
  to authenticated
  using (((organisation_id = auth_profile_org()) AND has_privilege_or_admin('update_datalayer'::text)))
  with check (((organisation_id = auth_profile_org()) AND has_privilege_or_admin('update_datalayer'::text)));"
policy,data_layer_categories :: Se datalayer-kategorier i egen organis,"create policy ""Se datalayer-kategorier i egen organisation""
  on public.data_layer_categories
  for select
  to authenticated
  using (((organisation_id = auth_profile_org()) AND has_privilege_or_admin('read_datalayer'::text)));"
policy,data_layer_categories :: Slet datalayer-kategorier i egen organ,"create policy ""Slet datalayer-kategorier i egen organisation""
  on public.data_layer_categories
  for delete
  to authenticated
  using (((organisation_id = auth_profile_org()) AND has_privilege_or_admin('delete_datalayer'::text)));"
policy,data_layer_favorites :: Opret egne datalager-favoritter,"create policy ""Opret egne datalager-favoritter""
  on public.data_layer_favorites
  for insert
  to authenticated
  with check (((user_id = auth.uid()) AND (organisation_id = auth_profile_org()) AND has_privilege_or_admin('read_datalayer'::text) AND ((category_id IS NULL) OR (EXISTS ( SELECT 1
   FROM data_layer_categories c
  WHERE ((c.id = data_layer_favorites.category_id) AND (c.organisation_id = auth_profile_org()))))) AND ((location_id IS NULL) OR (EXISTS ( SELECT 1
   FROM locations l
  WHERE ((l.id = data_layer_favorites.location_id) AND (l.organisation_id = auth_profile_org())))))));"
policy,data_layer_favorites :: Se egne datalager-favoritter,"create policy ""Se egne datalager-favoritter""
  on public.data_layer_favorites
  for select
  to authenticated
  using (((user_id = auth.uid()) AND (organisation_id = auth_profile_org()) AND has_privilege_or_admin('read_datalayer'::text)));"
policy,data_layer_favorites :: Slet egne datalager-favoritter,"create policy ""Slet egne datalager-favoritter""
  on public.data_layer_favorites
  for delete
  to authenticated
  using (((user_id = auth.uid()) AND (organisation_id = auth_profile_org()) AND has_privilege_or_admin('read_datalayer'::text)));"
policy,data_layer_item_units :: Opret item-enheder i egen organisation,"create policy ""Opret item-enheder i egen organisation""
  on public.data_layer_item_units
  for insert
  to authenticated
  with check (((organisation_id = auth_profile_org()) AND has_privilege_or_admin('create_datalayer'::text)));"
policy,data_layer_item_units :: Rediger item-enheder i egen organisati,"create policy ""Rediger item-enheder i egen organisation""
  on public.data_layer_item_units
  for update
  to authenticated
  using (((organisation_id = auth_profile_org()) AND has_privilege_or_admin('update_datalayer'::text)))
  with check (((organisation_id = auth_profile_org()) AND has_privilege_or_admin('update_datalayer'::text)));"
policy,data_layer_item_units :: Se item-enheder i egen organisation,"create policy ""Se item-enheder i egen organisation""
  on public.data_layer_item_units
  for select
  to authenticated
  using (((organisation_id = auth_profile_org()) AND has_privilege_or_admin('read_datalayer'::text)));"
policy,data_layer_item_units :: Slet item-enheder i egen organisation,"create policy ""Slet item-enheder i egen organisation""
  on public.data_layer_item_units
  for delete
  to authenticated
  using (((organisation_id = auth_profile_org()) AND has_privilege_or_admin('delete_datalayer'::text)));"
policy,data_layer_items :: Opret datalayer-items i egen organisation,"create policy ""Opret datalayer-items i egen organisation""
  on public.data_layer_items
  for insert
  to authenticated
  with check (((organisation_id = auth_profile_org()) AND has_privilege_or_admin('create_datalayer'::text)));"
policy,data_layer_items :: Rediger datalayer-items i egen organisation,"create policy ""Rediger datalayer-items i egen organisation""
  on public.data_layer_items
  for update
  to authenticated
  using (((organisation_id = auth_profile_org()) AND has_privilege_or_admin('update_datalayer'::text)))
  with check (((organisation_id = auth_profile_org()) AND has_privilege_or_admin('update_datalayer'::text)));"
policy,data_layer_items :: Se datalayer-items i egen organisation,"create policy ""Se datalayer-items i egen organisation""
  on public.data_layer_items
  for select
  to authenticated
  using (((organisation_id = auth_profile_org()) AND has_privilege_or_admin('read_datalayer'::text)));"
policy,data_layer_items :: Slet datalayer-items i egen organisation,"create policy ""Slet datalayer-items i egen organisation""
  on public.data_layer_items
  for delete
  to authenticated
  using (((organisation_id = auth_profile_org()) AND has_privilege_or_admin('delete_datalayer'::text)));"
policy,locations :: Opret lokationer i egen organisation,"create policy ""Opret lokationer i egen organisation""
  on public.locations
  for insert
  to authenticated
  with check (((organisation_id = auth_profile_org()) AND has_privilege_or_admin('create_datalayer'::text)));"
policy,locations :: Rediger lokationer i egen organisation,"create policy ""Rediger lokationer i egen organisation""
  on public.locations
  for update
  to authenticated
  using (((organisation_id = auth_profile_org()) AND has_privilege_or_admin('update_datalayer'::text)))
  with check (((organisation_id = auth_profile_org()) AND has_privilege_or_admin('update_datalayer'::text)));"
policy,locations :: Se lokationer i egen organisation,"create policy ""Se lokationer i egen organisation""
  on public.locations
  for select
  to authenticated
  using (((organisation_id = auth_profile_org()) AND has_privilege_or_admin('read_datalayer'::text)));"
policy,locations :: Slet lokationer i egen organisation,"create policy ""Slet lokationer i egen organisation""
  on public.locations
  for delete
  to authenticated
  using (((organisation_id = auth_profile_org()) AND has_privilege_or_admin('delete_datalayer'::text)));"
policy,membership_invitations :: Admin kan annullere ventende invitati,"create policy ""Admin kan annullere ventende invitation i egen organisation""
  on public.membership_invitations
  for delete
  to authenticated
  using (((organisation_id = auth_profile_org()) AND has_privilege_or_admin('delete_invitations'::text) AND (status = 'Pending'::e_request_status)));"
policy,membership_invitations :: Modtager kan svare på egen invitatio,"create policy ""Modtager kan svare på egen invitation""
  on public.membership_invitations
  for update
  to authenticated
  using ((invited_user_id = auth.uid()))
  with check ((invited_user_id = auth.uid()));"
policy,membership_invitations :: Se egne invitationer eller invitation,"create policy ""Se egne invitationer eller invitationer i egen organisation""
  on public.membership_invitations
  for select
  to authenticated
  using (((invited_user_id = auth.uid()) OR ((organisation_id = auth_profile_org()) AND has_privilege_or_admin('read_invitations'::text))));"
policy,membership_requests :: Accepter/afvis anmodninger i egen organi,"create policy ""Accepter/afvis anmodninger i egen organisation""
  on public.membership_requests
  for update
  to authenticated
  using (((organisation_id = auth_profile_org()) AND has_privilege_or_admin('update_membership_requests'::text)));"
policy,"membership_requests :: Bruger kan anmode om medlemskab for sig ","create policy ""Bruger kan anmode om medlemskab for sig selv""
  on public.membership_requests
  for insert
  to authenticated
  with check ((user_id = auth.uid()));"
policy,"membership_requests :: Se egne anmodninger eller anmodninger i ","create policy ""Se egne anmodninger eller anmodninger i egen org""
  on public.membership_requests
  for select
  to authenticated
  using (((user_id = auth.uid()) OR ((organisation_id = auth_profile_org()) AND has_privilege_or_admin('read_membership_requests'::text))));"
policy,memberships :: Se egne medlemskaber eller medlemskaber i egen o,"create policy ""Se egne medlemskaber eller medlemskaber i egen organisation""
  on public.memberships
  for select
  to authenticated
  using (((user_id = auth.uid()) OR (organisation_id = auth_profile_org())));"
policy,memberships :: Tildel rolle til medlemskaber i egen organisatio,"create policy ""Tildel rolle til medlemskaber i egen organisation""
  on public.memberships
  for update
  to authenticated
  using (((organisation_id = auth_profile_org()) AND has_privilege_or_admin('update_roles'::text)))
  with check (((organisation_id = auth_profile_org()) AND has_privilege_or_admin('update_roles'::text) AND (has_privilege('admin'::text) OR (role_id IS NULL) OR (NOT role_has_privilege(role_id, 'admin'::text)))));"
policy,messages :: Admins can view archived conversation messages,"create policy ""Admins can view archived conversation messages""
  on public.messages
  for select
  to authenticated
  using ((EXISTS ( SELECT 1
   FROM conversations c
  WHERE ((c.id = messages.conversation_id) AND is_organisation_admin(c.organisation_id)))));"
policy,messages :: Beskeder kun i aktiv organisation (læs),"create policy ""Beskeder kun i aktiv organisation (læs)""
  on public.messages
  as restrictive
  for select
  to authenticated
  using (conversation_in_active_org(conversation_id));"
policy,messages :: Beskeder kun i aktiv organisation (skriv),"create policy ""Beskeder kun i aktiv organisation (skriv)""
  on public.messages
  as restrictive
  for insert
  to authenticated
  with check (conversation_in_active_org(conversation_id));"
policy,messages :: Kun skriv i åbne samtaler,"create policy ""Kun skriv i åbne samtaler""
  on public.messages
  as restrictive
  for insert
  to authenticated
  with check (can_write_conversation(conversation_id));"
policy,messages :: Rum-chat kræver rum-adgang (beskeder),"create policy ""Rum-chat kræver rum-adgang (beskeder)""
  on public.messages
  as restrictive
  for select
  to authenticated
  using (conversation_room_access_ok(conversation_id));"
policy,messages :: Se beskeder i egne samtaler,"create policy ""Se beskeder i egne samtaler""
  on public.messages
  for select
  to authenticated
  using (is_conversation_participant(conversation_id));"
policy,messages :: Send besked i egne samtaler,"create policy ""Send besked i egne samtaler""
  on public.messages
  for insert
  to authenticated
  with check (((sender_id = auth.uid()) AND is_conversation_participant(conversation_id)));"
policy,news :: Opret nyheder i egen organisation,"create policy ""Opret nyheder i egen organisation""
  on public.news
  for insert
  to authenticated
  with check (((organisation_id = auth_profile_org()) AND has_privilege_or_admin('create_news'::text)));"
policy,news :: Rediger nyheder i egen organisation,"create policy ""Rediger nyheder i egen organisation""
  on public.news
  for update
  to authenticated
  using (((organisation_id = auth_profile_org()) AND has_privilege_or_admin('update_news'::text)))
  with check (((organisation_id = auth_profile_org()) AND has_privilege_or_admin('update_news'::text)));"
policy,news :: Se nyheder i egen organisation,"create policy ""Se nyheder i egen organisation""
  on public.news
  for select
  to authenticated
  using (((organisation_id = auth_profile_org()) AND has_privilege_or_admin('read_news'::text)));"
policy,news :: Slet nyheder i egen organisation,"create policy ""Slet nyheder i egen organisation""
  on public.news
  for delete
  to authenticated
  using (((organisation_id = auth_profile_org()) AND has_privilege_or_admin('delete_news'::text)));"
policy,notification_preferences :: Opret egne notifikationsindstilling,"create policy ""Opret egne notifikationsindstillinger""
  on public.notification_preferences
  for insert
  to authenticated
  with check ((user_id = auth.uid()));"
policy,notification_preferences :: Rediger egne notifikationsindstilli,"create policy ""Rediger egne notifikationsindstillinger""
  on public.notification_preferences
  for update
  to authenticated
  using ((user_id = auth.uid()))
  with check ((user_id = auth.uid()));"
policy,notification_preferences :: Se egne notifikationsindstillinger,"create policy ""Se egne notifikationsindstillinger""
  on public.notification_preferences
  for select
  to authenticated
  using ((user_id = auth.uid()));"
policy,notifications :: Markere egne notifikationer som læst,"create policy ""Markere egne notifikationer som læst""
  on public.notifications
  for update
  to authenticated
  using ((user_id = ( SELECT auth.uid() AS uid)))
  with check ((user_id = ( SELECT auth.uid() AS uid)));"
policy,notifications :: Notifikationer kun i aktiv organisation (læs),"create policy ""Notifikationer kun i aktiv organisation (læs)""
  on public.notifications
  as restrictive
  for select
  to authenticated
  using (((organisation_id = auth_profile_org()) OR (type = 'membership_invitation'::text)));"
policy,notifications :: Notifikationer kun i aktiv organisation (opdat,"create policy ""Notifikationer kun i aktiv organisation (opdater)""
  on public.notifications
  as restrictive
  for update
  to authenticated
  using (((organisation_id = auth_profile_org()) OR (type = 'membership_invitation'::text)));"
policy,notifications :: Notifikationer kun i aktiv organisation (slet),"create policy ""Notifikationer kun i aktiv organisation (slet)""
  on public.notifications
  as restrictive
  for delete
  to authenticated
  using (((organisation_id = auth_profile_org()) OR (type = 'membership_invitation'::text)));"
policy,notifications :: Se egne notifikationer,"create policy ""Se egne notifikationer""
  on public.notifications
  for select
  to authenticated
  using ((user_id = ( SELECT auth.uid() AS uid)));"
policy,notifications :: Skjule egne notifikationer fra klokken,"create policy ""Skjule egne notifikationer fra klokken""
  on public.notifications
  for update
  to authenticated
  using ((user_id = ( SELECT auth.uid() AS uid)))
  with check ((user_id = ( SELECT auth.uid() AS uid)));"
policy,notifications :: Slette egne notifikationer,"create policy ""Slette egne notifikationer""
  on public.notifications
  for delete
  to authenticated
  using ((user_id = ( SELECT auth.uid() AS uid)));"
policy,organisations :: Alle autentificerede kan se organisationsliste,"create policy ""Alle autentificerede kan se organisationsliste""
  on public.organisations
  for select
  to authenticated
  using (true);"
policy,organisations :: Opret organisation (bootstrap),"create policy ""Opret organisation (bootstrap)""
  on public.organisations
  for insert
  to authenticated
  with check (true);"
policy,organisations :: Rediger egen organisation,"create policy ""Rediger egen organisation""
  on public.organisations
  for update
  to authenticated
  using (((id = auth_profile_org()) AND has_privilege_or_admin('update_organisation'::text)));"
policy,organisations :: Se egen organisation,"create policy ""Se egen organisation""
  on public.organisations
  for select
  to authenticated
  using ((id = auth_profile_org()));"
policy,organisations :: Se organisation man er inviteret til,"create policy ""Se organisation man er inviteret til""
  on public.organisations
  for select
  to authenticated
  using ((EXISTS ( SELECT 1
   FROM membership_invitations mi
  WHERE ((mi.organisation_id = organisations.id) AND (mi.invited_user_id = auth.uid()) AND (mi.status = 'Pending'::e_request_status)))));"
policy,privileges :: Opret privilegier i egen organisation,"create policy ""Opret privilegier i egen organisation""
  on public.privileges
  for insert
  to authenticated
  with check (((role_id IN ( SELECT roles.id
   FROM roles
  WHERE (roles.organisation_id = auth_profile_org()))) AND has_privilege_or_admin('update_roles'::text) AND ((name <> 'admin'::text) OR (has_privilege('admin'::text) AND (EXISTS ( SELECT 1
   FROM roles r
  WHERE ((r.id = privileges.role_id) AND (r.name = 'Admin'::text))))))));"
policy,privileges :: Rediger privilegier i egen organisation,"create policy ""Rediger privilegier i egen organisation""
  on public.privileges
  for update
  to authenticated
  using (((role_id IN ( SELECT roles.id
   FROM roles
  WHERE (roles.organisation_id = auth_profile_org()))) AND has_privilege_or_admin('update_roles'::text)))
  with check (((role_id IN ( SELECT roles.id
   FROM roles
  WHERE (roles.organisation_id = auth_profile_org()))) AND has_privilege_or_admin('update_roles'::text) AND ((name <> 'admin'::text) OR (has_privilege('admin'::text) AND (EXISTS ( SELECT 1
   FROM roles r
  WHERE ((r.id = privileges.role_id) AND (r.name = 'Admin'::text))))))));"
policy,privileges :: Se privilegier i egen organisation,"create policy ""Se privilegier i egen organisation""
  on public.privileges
  for select
  to authenticated
  using (((role_id IN ( SELECT roles.id
   FROM roles
  WHERE (roles.organisation_id = auth_profile_org()))) AND (has_privilege_or_admin('read_roles'::text) OR (role_id IN ( SELECT memberships.role_id
   FROM memberships
  WHERE ((memberships.user_id = auth.uid()) AND (memberships.organisation_id = auth_profile_org())))))));"
policy,privileges :: Slet privilegier i egen organisation,"create policy ""Slet privilegier i egen organisation""
  on public.privileges
  for delete
  to authenticated
  using (((role_id IN ( SELECT roles.id
   FROM roles
  WHERE (roles.organisation_id = auth_profile_org()))) AND has_privilege_or_admin('update_roles'::text)));"
policy,profiles :: Admin kan se ansøgeres profiler i egen organisatio,"create policy ""Admin kan se ansøgeres profiler i egen organisation""
  on public.profiles
  for select
  to authenticated
  using (is_pending_requester_to_my_org(id));"
policy,profiles :: Admin kan se inviterede profiler i egen organisatio,"create policy ""Admin kan se inviterede profiler i egen organisation""
  on public.profiles
  for select
  to authenticated
  using ((has_privilege_or_admin('read_invitations'::text) AND (EXISTS ( SELECT 1
   FROM membership_invitations mi
  WHERE ((mi.invited_user_id = profiles.id) AND (mi.organisation_id = auth_profile_org()) AND (mi.status = 'Pending'::e_request_status))))));"
policy,profiles :: Bruger kan opdatere egen profil,"create policy ""Bruger kan opdatere egen profil""
  on public.profiles
  for update
  to authenticated
  using ((id = auth.uid()));"
policy,profiles :: Se egen profil eller profiler i egen organisation,"create policy ""Se egen profil eller profiler i egen organisation""
  on public.profiles
  for select
  to authenticated
  using (((id = auth.uid()) OR (EXISTS ( SELECT 1
   FROM memberships m
  WHERE ((m.user_id = profiles.id) AND (m.organisation_id = auth_profile_org()))))));"
policy,roles :: Opret roller i egen organisation,"create policy ""Opret roller i egen organisation""
  on public.roles
  for insert
  to authenticated
  with check (((organisation_id = auth_profile_org()) AND has_privilege_or_admin('create_roles'::text)));"
policy,roles :: Rediger roller i egen organisation,"create policy ""Rediger roller i egen organisation""
  on public.roles
  for update
  to authenticated
  using (((organisation_id = auth_profile_org()) AND has_privilege_or_admin('update_roles'::text)));"
policy,roles :: Se roller i egen organisation,"create policy ""Se roller i egen organisation""
  on public.roles
  for select
  to authenticated
  using ((organisation_id = auth_profile_org()));"
policy,roles :: Slet roller i egen organisation,"create policy ""Slet roller i egen organisation""
  on public.roles
  for delete
  to authenticated
  using (((organisation_id = auth_profile_org()) AND has_privilege_or_admin('delete_roles'::text)));"
policy,statistics_snapshots :: Se statistik-snapshots i egen organisat,"create policy ""Se statistik-snapshots i egen organisation""
  on public.statistics_snapshots
  for select
  to authenticated
  using (((organisation_id = auth_profile_org()) AND has_privilege_or_admin('read_statistics'::text)));"
policy,statistics_snapshots :: Slet statistik-snapshots i egen organis,"create policy ""Slet statistik-snapshots i egen organisation""
  on public.statistics_snapshots
  for delete
  to authenticated
  using (((organisation_id = auth_profile_org()) AND has_privilege_or_admin('delete_statistics'::text)));"
policy,statistics_values :: Se statistik-værdier for egen organisatio,"create policy ""Se statistik-værdier for egen organisation""
  on public.statistics_values
  for select
  to authenticated
  using (((snapshot_id IN ( SELECT statistics_snapshots.id
   FROM statistics_snapshots
  WHERE (statistics_snapshots.organisation_id = auth_profile_org()))) AND has_privilege_or_admin('read_statistics'::text)));"
policy,task_assignees :: Afmeld andre fra opgaver i egen organisation,"create policy ""Afmeld andre fra opgaver i egen organisation""
  on public.task_assignees
  for delete
  to authenticated
  using (((task_id IN ( SELECT tasks.id
   FROM tasks
  WHERE (tasks.organisation_id = auth_profile_org()))) AND has_privilege_or_admin('assign_tasks'::text)));"
policy,task_assignees :: Afmeld sig selv fra opgaver i egen organisati,"create policy ""Afmeld sig selv fra opgaver i egen organisation""
  on public.task_assignees
  for delete
  to authenticated
  using (((user_id = auth.uid()) AND (assigned_by = auth.uid()) AND (task_id IN ( SELECT tasks.id
   FROM tasks
  WHERE ((tasks.organisation_id = auth_profile_org()) AND (tasks.status = 'Started'::e_task_status))))));"
policy,task_assignees :: Se egne task_assignees-rækker,"create policy ""Se egne task_assignees-rækker""
  on public.task_assignees
  for select
  to authenticated
  using (((user_id = auth.uid()) AND (task_id IN ( SELECT tasks.id
   FROM tasks
  WHERE (tasks.organisation_id = auth_profile_org())))));"
policy,task_assignees :: Se task_assignees for opgaver i egen organisa,"create policy ""Se task_assignees for opgaver i egen organisation""
  on public.task_assignees
  for select
  to authenticated
  using (((task_id IN ( SELECT tasks.id
   FROM tasks
  WHERE (tasks.organisation_id = auth_profile_org()))) AND has_privilege_or_admin('read_tasks'::text)));"
policy,task_assignees :: Tilmeld andre til opgaver i egen organisation,"create policy ""Tilmeld andre til opgaver i egen organisation""
  on public.task_assignees
  for insert
  to authenticated
  with check (((task_id IN ( SELECT tasks.id
   FROM tasks
  WHERE (tasks.organisation_id = auth_profile_org()))) AND has_privilege_or_admin('assign_tasks'::text)));"
policy,task_assignees :: Tilmeld sig selv til opgaver i egen organisat,"create policy ""Tilmeld sig selv til opgaver i egen organisation""
  on public.task_assignees
  for insert
  to authenticated
  with check (((user_id = auth.uid()) AND (assigned_by = auth.uid()) AND (task_id IN ( SELECT tasks.id
   FROM tasks
  WHERE (tasks.organisation_id = auth_profile_org())))));"
policy,task_material_units :: Se task_material_units for opgaver i ege,"create policy ""Se task_material_units for opgaver i egen organisation""
  on public.task_material_units
  for select
  to authenticated
  using (((task_material_id IN ( SELECT tm.id
   FROM (task_materials tm
     JOIN tasks t ON ((t.id = tm.task_id)))
  WHERE (t.organisation_id = auth_profile_org()))) AND has_privilege_or_admin('read_tasks'::text)));"
policy,task_materials :: Se task_materials for opgaver i egen organisa,"create policy ""Se task_materials for opgaver i egen organisation""
  on public.task_materials
  for select
  to authenticated
  using (((task_id IN ( SELECT tasks.id
   FROM tasks
  WHERE (tasks.organisation_id = auth_profile_org()))) AND has_privilege_or_admin('read_tasks'::text)));"
policy,task_materials :: Slet task_materials for opgaver i egen organi,"create policy ""Slet task_materials for opgaver i egen organisation""
  on public.task_materials
  for delete
  to authenticated
  using (((task_id IN ( SELECT tasks.id
   FROM tasks
  WHERE (tasks.organisation_id = auth_profile_org()))) AND has_privilege_or_admin('update_tasks'::text)));"
policy,"task_participants :: Administrer task_participants for opgaver ","create policy ""Administrer task_participants for opgaver i egen organisation""
  on public.task_participants
  for all
  to authenticated
  using (((task_id IN ( SELECT tasks.id
   FROM tasks
  WHERE (tasks.organisation_id = auth_profile_org()))) AND has_privilege_or_admin('update_tasks'::text)))
  with check (((task_id IN ( SELECT tasks.id
   FROM tasks
  WHERE (tasks.organisation_id = auth_profile_org()))) AND has_privilege_or_admin('update_tasks'::text)));"
policy,task_participants :: Se task_participants for opgaver i egen or,"create policy ""Se task_participants for opgaver i egen organisation""
  on public.task_participants
  for select
  to authenticated
  using (((task_id IN ( SELECT tasks.id
   FROM tasks
  WHERE (tasks.organisation_id = auth_profile_org()))) AND has_privilege_or_admin('read_tasks'::text)));"
policy,task_requests :: Opret completion request for egne tasks,"create policy ""Opret completion request for egne tasks""
  on public.task_requests
  for insert
  to authenticated
  with check (((requested_by = auth.uid()) AND (task_id IN ( SELECT ta.task_id
   FROM task_assignees ta
  WHERE (ta.user_id = auth.uid()))) AND (task_id IN ( SELECT t.id
   FROM tasks t
  WHERE (t.organisation_id = auth_profile_org())))));"
policy,task_requests :: Se task requests i egen organisation,"create policy ""Se task requests i egen organisation""
  on public.task_requests
  for select
  to authenticated
  using (((task_id IN ( SELECT t.id
   FROM tasks t
  WHERE (t.organisation_id = auth_profile_org()))) AND has_privilege_or_admin('read_tasks'::text)));"
policy,task_requests :: Se task requests som godkender,"create policy ""Se task requests som godkender""
  on public.task_requests
  for select
  to authenticated
  using (((task_id IN ( SELECT t.id
   FROM tasks t
  WHERE (t.organisation_id = auth_profile_org()))) AND (has_privilege_or_admin('approve_task'::text) OR has_privilege_or_admin('reject_task'::text))));"
policy,task_room_favorites :: Opret egne favoritrum,"create policy ""Opret egne favoritrum""
  on public.task_room_favorites
  for insert
  to authenticated
  with check (((user_id = auth.uid()) AND (organisation_id = auth_profile_org()) AND has_privilege_or_admin('read_tasks'::text) AND (EXISTS ( SELECT 1
   FROM task_rooms r
  WHERE ((r.id = task_room_favorites.room_id) AND (r.organisation_id = auth_profile_org())))) AND can_access_task_room(room_id)));"
policy,task_room_favorites :: Se egne favoritrum,"create policy ""Se egne favoritrum""
  on public.task_room_favorites
  for select
  to authenticated
  using (((user_id = auth.uid()) AND (organisation_id = auth_profile_org()) AND has_privilege_or_admin('read_tasks'::text)));"
policy,task_room_favorites :: Slet egne favoritrum,"create policy ""Slet egne favoritrum""
  on public.task_room_favorites
  for delete
  to authenticated
  using (((user_id = auth.uid()) AND (organisation_id = auth_profile_org()) AND has_privilege_or_admin('read_tasks'::text)));"
policy,task_room_roles :: Se task_room_roles for rum i egen organisati,"create policy ""Se task_room_roles for rum i egen organisation""
  on public.task_room_roles
  for select
  to authenticated
  using ((room_id IN ( SELECT task_rooms.id
   FROM task_rooms)));"
policy,task_rooms :: Opret task rooms i egen organisation,"create policy ""Opret task rooms i egen organisation""
  on public.task_rooms
  for insert
  to authenticated
  with check (((organisation_id = auth_profile_org()) AND has_privilege_or_admin('create_tasks'::text)));"
policy,task_rooms :: Rediger task rooms i egen organisation,"create policy ""Rediger task rooms i egen organisation""
  on public.task_rooms
  for update
  to authenticated
  using (((organisation_id = auth_profile_org()) AND has_privilege_or_admin('update_tasks'::text) AND can_access_task_room(id)))
  with check (((organisation_id = auth_profile_org()) AND has_privilege_or_admin('update_tasks'::text)));"
policy,task_rooms :: Se task rooms i egen organisation,"create policy ""Se task rooms i egen organisation""
  on public.task_rooms
  for select
  to authenticated
  using (((organisation_id = auth_profile_org()) AND has_privilege_or_admin('read_tasks'::text) AND can_access_task_room(id)));"
policy,task_rooms :: Slet task rooms i egen organisation,"create policy ""Slet task rooms i egen organisation""
  on public.task_rooms
  for delete
  to authenticated
  using (((organisation_id = auth_profile_org()) AND has_privilege_or_admin('delete_tasks'::text) AND can_access_task_room(id)));"
policy,tasks :: Opret opgaver i egen organisation,"create policy ""Opret opgaver i egen organisation""
  on public.tasks
  for insert
  to authenticated
  with check (((organisation_id = auth_profile_org()) AND has_privilege_or_admin('create_tasks'::text) AND can_access_task_room(room_id)));"
policy,tasks :: Rediger opgaver i egen organisation,"create policy ""Rediger opgaver i egen organisation""
  on public.tasks
  for update
  to authenticated
  using (((organisation_id = auth_profile_org()) AND has_privilege_or_admin('update_tasks'::text)))
  with check (((organisation_id = auth_profile_org()) AND has_privilege_or_admin('update_tasks'::text) AND can_access_task_room(room_id)));"
policy,tasks :: Se opgaver i egen organisation,"create policy ""Se opgaver i egen organisation""
  on public.tasks
  for select
  to authenticated
  using (((organisation_id = auth_profile_org()) AND has_privilege_or_admin('read_tasks'::text) AND (can_access_task_room(room_id) OR is_task_assignee(id)) AND ((status <> 'Completed'::e_task_status) OR has_privilege_or_admin('view_completed_tasks'::text) OR is_task_assignee(id))));"
policy,tasks :: Slet opgaver i egen organisation,"create policy ""Slet opgaver i egen organisation""
  on public.tasks
  for delete
  to authenticated
  using (((organisation_id = auth_profile_org()) AND has_privilege_or_admin('delete_tasks'::text)));"
function,"add_group_participants(p_conversation_id uuid, p_user_ids uuid[","CREATE OR REPLACE FUNCTION public.add_group_participants(p_conversation_id uuid, p_user_ids uuid[])
 RETURNS void
 LANGUAGE plpgsql
 SECURITY DEFINER
 SET search_path TO 'public', 'pg_catalog'
AS $function$
declare
  v_caller_id uuid := auth.uid();
  v_caller_org uuid;
  v_conversation_org uuid;
  v_conversation_name text;
  v_is_group boolean;
  v_is_system boolean;
  v_caller_name text;
  v_added record;
begin
  if v_caller_id is null then
    raise exception 'Du skal være logget ind.' using hint = 'NOT_LOGGED_IN';
  end if;

  if p_conversation_id is null then
    raise exception 'Der skal angives en samtale.' using hint = 'CONVERSATION_REQUIRED';
  end if;

  if p_user_ids is null or cardinality(p_user_ids) = 0 then
    raise exception 'Der skal angives mindst ét medlem.' using hint = 'MEMBERS_REQUIRED';
  end if;

  select c.is_group, c.organisation_id, c.name, (c.task_id is not null or c.room_id is not null)
    into v_is_group, v_conversation_org, v_conversation_name, v_is_system
  from public.conversations c
  where c.id = p_conversation_id;

  if v_is_group is null then
    raise exception 'Samtalen findes ikke.' using hint = 'CONVERSATION_NOT_FOUND';
  end if;

  if not v_is_group then
    raise exception 'Der kan kun tilføjes medlemmer til gruppesamtaler.' using hint = 'ADD_MEMBERS_GROUP_ONLY';
  end if;

  if v_is_system then
    raise exception 'Gruppen styres automatisk af opgaven/rummet og kan ikke ændres manuelt.' using hint = 'SYSTEM_GROUP_LOCKED';
  end if;

  select p.active_organisation_id
    into v_caller_org
  from public.profiles p
  where p.id = v_caller_id;

  if v_caller_org is null or v_caller_org <> v_conversation_org then
    raise exception 'Du har ikke adgang til denne organisation.' using hint = 'NO_ORG_ACCESS';
  end if;

  if not public.is_conversation_participant(p_conversation_id, v_caller_id) then
    raise exception 'Du er ikke deltager i denne samtale.' using hint = 'NOT_CONVERSATION_PARTICIPANT';
  end if;

  if exists (
    select 1
    from unnest(p_user_ids) as u(user_id)
    where u.user_id is null
       or not exists (
         select 1
         from public.memberships m
         where m.user_id = u.user_id
           and m.organisation_id = v_caller_org
       )
  ) then
    raise exception 'Alle nye medlemmer skal være medlem af din organisation.' using hint = 'NEW_MEMBERS_MUST_BE_IN_ORG';
  end if;

  select concat_ws(' ', p.first_name, p.last_name)
    into v_caller_name
  from public.profiles p
  where p.id = v_caller_id;

  for v_added in
    insert into public.conversation_participants (conversation_id, user_id)
    select p_conversation_id, u.user_id
    from (
      select distinct user_id
      from unnest(p_user_ids) as x(user_id)
    ) u
    on conflict (conversation_id, user_id) do nothing
    returning user_id
  loop
    insert into public.messages (conversation_id, sender_id, content, message_type)
    select
      p_conversation_id,
      v_caller_id,
      coalesce(concat_ws(' ', p.first_name, p.last_name), 'Et medlem')
        || ' blev tilføjet til gruppen ""'
        || coalesce(v_conversation_name, 'Ukendt gruppe')
        || '"" af '
        || coalesce(v_caller_name, 'et medlem') || '.',
      'system'
    from public.profiles p
    where p.id = v_added.user_id;
  end loop;
end;
$function$
"
function,"add_item_with_units(p_category_id uuid, p_location_id uuid, p_n","CREATE OR REPLACE FUNCTION public.add_item_with_units(p_category_id uuid, p_location_id uuid, p_name text, p_description text, p_packaging text, p_unit_of_measurement text, p_quantity numeric, p_status text, p_serial_numbers text[], p_is_discrete boolean, p_contents_total numeric, p_contents_empty_status text, p_contents_partial_status text, p_contents_full_status text, p_contents_start numeric, p_package_size numeric)
 RETURNS uuid
 LANGUAGE plpgsql
 SECURITY DEFINER
 SET search_path TO 'public'
AS $function$
declare
  v_org_id uuid;
  v_item_id uuid;
  v_unit_of_measurement text := coalesce(nullif(trim(p_unit_of_measurement), ''), 'stk');
  v_i int;
begin
  select organisation_id into v_org_id
  from public.data_layer_categories
  where id = p_category_id;

  if v_org_id is null or v_org_id <> public.auth_profile_org() then
    raise exception 'Kategorien findes ikke i din organisation.' using hint = 'CATEGORY_NOT_FOUND';
  end if;

  if not public.has_privilege_or_admin('create_datalayer') then
    raise exception 'Du har ikke rettigheder til at oprette items.'
      using errcode = '42501', hint = 'NO_PRIV_CREATE_DATALAYER';
  end if;

  if p_quantity is null or p_quantity <= 0 then
    raise exception 'Antal skal være større end 0.' using hint = 'INVALID_QUANTITY';
  end if;

  insert into public.data_layer_items
    (organisation_id, category_id, location_id, name, description, packaging, unit_of_measurement,
     package_size)
  values
    (v_org_id, p_category_id, p_location_id, p_name, p_description, p_packaging, v_unit_of_measurement,
     p_package_size)
  returning id into v_item_id;

  if p_is_discrete then
    for v_i in 1..p_quantity::int loop
      insert into public.data_layer_item_units
        (organisation_id, item_id, location_id, serial_number, quantity, status,
         contents_total, contents_remaining,
         contents_empty_status, contents_partial_status, contents_full_status)
      values
        (v_org_id, v_item_id, p_location_id,
         case when p_serial_numbers is not null and array_length(p_serial_numbers, 1) >= v_i
              then nullif(trim(p_serial_numbers[v_i]), '') else null end,
         1, coalesce(p_status, 'Available')::public.e_item_status,
         p_contents_total, p_contents_total,
         nullif(p_contents_empty_status, '')::public.e_item_status,
         nullif(p_contents_partial_status, '')::public.e_item_status,
         nullif(p_contents_full_status, '')::public.e_item_status);
    end loop;
  elsif p_contents_total is not null then
    for v_i in 1..p_quantity::int loop
      insert into public.data_layer_item_units
        (organisation_id, item_id, location_id, quantity, status,
         contents_total,
         contents_empty_status, contents_partial_status, contents_full_status)
      values
        (v_org_id, v_item_id, p_location_id,
         coalesce(p_contents_start, p_contents_total),
         coalesce(p_status, 'Available')::public.e_item_status,
         p_contents_total,
         nullif(p_contents_empty_status, '')::public.e_item_status,
         nullif(p_contents_partial_status, '')::public.e_item_status,
         nullif(p_contents_full_status, '')::public.e_item_status);
    end loop;
  elsif p_package_size is not null then
    -- Mængde + pakke-faktor: p_quantity er ANTAL EMBALLAGER, hver får sin
    -- egen række med quantity = p_package_size.
    for v_i in 1..p_quantity::int loop
      insert into public.data_layer_item_units
        (organisation_id, item_id, location_id, quantity, status)
      values
        (v_org_id, v_item_id, p_location_id, p_package_size, coalesce(p_status, 'Available')::public.e_item_status);
    end loop;
  else
    insert into public.data_layer_item_units
      (organisation_id, item_id, location_id, quantity, status)
    values
      (v_org_id, v_item_id, p_location_id, p_quantity, coalesce(p_status, 'Available')::public.e_item_status);
  end if;

  return v_item_id;
end;
$function$
"
function,"apply_task_material_outcomes(p_task_material_id uuid, p_outcome","CREATE OR REPLACE FUNCTION public.apply_task_material_outcomes(p_task_material_id uuid, p_outcomes jsonb)
 RETURNS void
 LANGUAGE plpgsql
 SECURITY DEFINER
 SET search_path TO 'public'
AS $function$
declare
  v_outcome jsonb;
  v_status text;
  v_total_outcome numeric;
  v_total_linked numeric;
  v_unit record;
  v_remaining numeric;
  v_take numeric;
  v_unit_id uuid;
begin
  perform 1 from public.data_layer_item_units
   where id in (select unit_id from public.task_material_units where task_material_id = p_task_material_id)
   for update;

  select coalesce(sum(u.quantity), 0) into v_total_linked
  from public.task_material_units tmu
  join public.data_layer_item_units u on u.id = tmu.unit_id
  where tmu.task_material_id = p_task_material_id;

  select coalesce(sum((elem->>'quantity')::numeric), 0) into v_total_outcome
  from jsonb_array_elements(p_outcomes) as elem;

  if v_total_outcome <> v_total_linked then
    raise exception 'Afrapporteringen (%) matcher ikke den reserverede mængde (%).', v_total_outcome, v_total_linked
      using hint = 'OUTCOME_QUANTITY_MISMATCH';
  end if;

  for v_outcome in select * from jsonb_array_elements(p_outcomes)
  loop
    v_status := v_outcome->>'status';

    if not exists (select 1 from unnest(enum_range(null::public.e_item_status)) s where s::text = v_status) then
      raise exception 'Ugyldig status i afrapportering: %', v_status using hint = 'INVALID_OUTCOME_STATUS';
    end if;

    v_remaining := (v_outcome->>'quantity')::numeric;

    for v_unit in
      select u.id, u.quantity
      from public.task_material_units tmu
      join public.data_layer_item_units u on u.id = tmu.unit_id
      where tmu.task_material_id = p_task_material_id
      order by u.created_at
    loop
      exit when v_remaining <= 0;

      v_take := least(v_unit.quantity, v_remaining);
      v_unit_id := public.split_unit_if_needed(v_unit.id, v_take);

      -- Link fjernes FØR status ændres - guard-triggeren §15.21 blokerer
      -- ellers statusændring på en stadig-linket enhed.
      delete from public.task_material_units
       where task_material_id = p_task_material_id and unit_id = v_unit_id;

      update public.data_layer_item_units
         set status = v_status::public.e_item_status
       where id = v_unit_id;

      v_remaining := v_remaining - v_take;
    end loop;
  end loop;
end;
$function$
"
function,approve_task_request(p_request_id uuid),"CREATE OR REPLACE FUNCTION public.approve_task_request(p_request_id uuid)
 RETURNS void
 LANGUAGE plpgsql
 SECURITY DEFINER
 SET search_path TO 'public'
AS $function$
declare
  v_org_id uuid := public.auth_profile_org();
  v_task_id uuid;
  v_status public.e_request_status;
  v_title text;
  v_material_outcomes jsonb;
  v_material_outcome jsonb;
begin
  if v_org_id is null then
    raise exception 'Du er ikke medlem af en organisation.' using hint = 'NO_ACTIVE_ORG';
  end if;

  if not public.has_privilege_or_admin('approve_task') then
    raise exception 'Du har ikke rettigheder til at godkende opgaver.' using errcode = '42501', hint = 'NO_PRIV_APPROVE_TASKS';
  end if;

  select r.task_id, r.status, t.title, r.material_outcomes into v_task_id, v_status, v_title, v_material_outcomes
  from public.task_requests r
  join public.tasks t on t.id = r.task_id
  where r.id = p_request_id and t.organisation_id = v_org_id
    and public.can_access_task_room(t.room_id);

  if v_task_id is null then
    raise exception 'Anmodningen findes ikke i din organisation.' using hint = 'TASK_REQUEST_NOT_FOUND';
  end if;

  if v_status <> 'Pending' then
    raise exception 'Anmodningen er allerede behandlet.' using hint = 'TASK_REQUEST_ALREADY_HANDLED';
  end if;

  for v_material_outcome in select * from jsonb_array_elements(coalesce(v_material_outcomes, '[]'::jsonb))
  loop
    perform public.apply_task_material_outcomes(
      (v_material_outcome->>'taskMaterialId')::uuid,
      v_material_outcome->'outcomes'
    );
  end loop;

  -- Sikkerhedsnet: fanger materialer der ikke havde en gemt outcome (fx
  -- tilføjet til opgaven efter anmodningen blev sendt), se §15.21.
  perform public.assert_task_materials_resolved(v_task_id);

  update public.task_requests
     set status = 'Accepted', handled_by = auth.uid(), done_at = now()
   where task_id = v_task_id and status = 'Pending';

  -- Undertryk den generiske ""afsluttet""-notifikation (15.20), transaktionslokalt.
  perform set_config('ponos.skip_task_completed_notify', 'on', true);

  update public.tasks
     set status = 'Completed', finished_at = coalesce(finished_at, now())
   where id = v_task_id;

  perform set_config('ponos.skip_task_completed_notify', 'off', true);

  insert into public.notifications (user_id, organisation_id, type, title, body, link, reference_id)
  select ta.user_id, v_org_id, 'task_approved', 'Din opgave er godkendt', v_title, '/tasks?task=' || v_task_id, v_task_id
  from public.task_assignees ta
  where ta.task_id = v_task_id and ta.user_id <> auth.uid();
end;
$function$
"
function,archive_empty_group_conversation(),"CREATE OR REPLACE FUNCTION public.archive_empty_group_conversation()
 RETURNS trigger
 LANGUAGE plpgsql
 SECURITY DEFINER
 SET search_path TO 'public'
AS $function$
begin
  if not exists (
    select 1
    from public.conversation_participants cp
    where cp.conversation_id = old.conversation_id
  ) then
    update public.conversations c
    set archived_at = coalesce(c.archived_at, now()),
        archived_by = coalesce(c.archived_by, old.user_id)
    where c.id = old.conversation_id
      and c.is_group = true
      and c.archived_at is null;
  end if;

  return old;
end;
$function$
"
function,assert_task_materials_resolved(p_task_id uuid),"CREATE OR REPLACE FUNCTION public.assert_task_materials_resolved(p_task_id uuid)
 RETURNS void
 LANGUAGE plpgsql
 SECURITY DEFINER
 SET search_path TO 'public'
AS $function$
declare
  v_org_id uuid := public.auth_profile_org();
  v_unresolved text;
begin
  if not exists (select 1 from public.tasks where id = p_task_id and organisation_id = v_org_id) then
    raise exception 'Opgaven findes ikke i din organisation.' using hint = 'TASK_NOT_FOUND';
  end if;

  select string_agg(coalesce(di.name, tm.item_id::text), ', ')
    into v_unresolved
  from public.task_materials tm
  join public.data_layer_items di on di.id = tm.item_id
  where tm.task_id = p_task_id
    and exists (
      select 1 from public.task_material_units tmu where tmu.task_material_id = tm.id
    );

  if v_unresolved is not null then
    raise exception 'Alle materialer skal afrapporteres, før opgaven kan færdiggøres.'
      using hint = 'MATERIALS_NOT_RESOLVED', detail = v_unresolved;
  end if;
end;
$function$
"
function,auth_profile_org(),"CREATE OR REPLACE FUNCTION public.auth_profile_org()
 RETURNS uuid
 LANGUAGE sql
 STABLE SECURITY DEFINER
 SET search_path TO 'public'
AS $function$
  select active_organisation_id from public.profiles where id = auth.uid();
$function$
"
function,can_access_task_room(p_room_id uuid),"CREATE OR REPLACE FUNCTION public.can_access_task_room(p_room_id uuid)
 RETURNS boolean
 LANGUAGE sql
 STABLE SECURITY DEFINER
 SET search_path TO 'public'
AS $function$
  select p_room_id is null
    or public.has_privilege_or_admin('view_all_task_rooms')
    or not exists (select 1 from public.task_room_roles where room_id = p_room_id)
    or exists (
      select 1
      from public.task_room_roles trr
      join public.memberships m on m.role_id = trr.role_id
      join public.profiles pr on pr.id = m.user_id and pr.active_organisation_id = m.organisation_id
      where trr.room_id = p_room_id and pr.id = auth.uid()
    );
$function$
"
function,can_write_conversation(p_conversation_id uuid),"CREATE OR REPLACE FUNCTION public.can_write_conversation(p_conversation_id uuid)
 RETURNS boolean
 LANGUAGE sql
 STABLE SECURITY DEFINER
 SET search_path TO 'public'
AS $function$
  select exists (
    select 1
    from public.conversations c
    join public.conversation_participants cp
      on cp.conversation_id = c.id and cp.user_id = auth.uid()
    where c.id = p_conversation_id
      and c.closed_at is null
      and cp.completion_choice is distinct from 'close'
      and (
        c.room_id is null
        or (
          public.can_access_task_room(c.room_id)
          and exists (select 1 from public.task_room_roles trr where trr.room_id = c.room_id)
        )
      )
  );
$function$
"
function,conversation_in_active_org(p_conversation_id uuid),"CREATE OR REPLACE FUNCTION public.conversation_in_active_org(p_conversation_id uuid)
 RETURNS boolean
 LANGUAGE sql
 STABLE SECURITY DEFINER
 SET search_path TO 'public'
AS $function$
  select exists (
    select 1 from public.conversations c
    where c.id = p_conversation_id
      and c.organisation_id = public.auth_profile_org()
  );
$function$
"
function,conversation_room_access_ok(p_conversation_id uuid),"CREATE OR REPLACE FUNCTION public.conversation_room_access_ok(p_conversation_id uuid)
 RETURNS boolean
 LANGUAGE sql
 STABLE SECURITY DEFINER
 SET search_path TO 'public'
AS $function$
  select coalesce((
    select c.room_id is null or public.can_access_task_room(c.room_id)
    from public.conversations c
    where c.id = p_conversation_id
  ), true);
$function$
"
function,"create_group_conversation(p_name text, p_participant_ids uuid[]","CREATE OR REPLACE FUNCTION public.create_group_conversation(p_name text, p_participant_ids uuid[])
 RETURNS uuid
 LANGUAGE plpgsql
 SECURITY DEFINER
 SET search_path TO 'public'
AS $function$
declare
  v_my_id uuid := auth.uid();
  v_my_org uuid;
  v_conversation_id uuid;
  v_trimmed_name text := trim(p_name);
  v_invalid_count int;
begin
  if v_my_id is null then
    raise exception 'Du skal være logget ind.' using hint = 'NOT_LOGGED_IN';
  end if;

  if v_trimmed_name = '' then
    raise exception 'Gruppen skal have et navn.' using hint = 'GROUP_NAME_REQUIRED';
  end if;

  if array_length(p_participant_ids, 1) is null or array_length(p_participant_ids, 1) < 1 then
    raise exception 'Vælg mindst én kontakt til gruppen.' using hint = 'GROUP_CONTACT_REQUIRED';
  end if;

  select active_organisation_id
    into v_my_org
  from profiles
  where id = v_my_id;

  if v_my_org is null then
    raise exception 'Du er ikke medlem af en organisation.' using hint = 'NO_ACTIVE_ORG';
  end if;

  select count(*)
    into v_invalid_count
  from unnest(p_participant_ids) as pid
  where not exists (
    select 1
    from memberships m
    where m.user_id = pid
      and m.organisation_id = v_my_org
  );

  if v_invalid_count > 0 then
    raise exception 'Alle deltagere skal være medlem af din organisation.' using hint = 'PARTICIPANTS_MUST_BE_IN_ORG';
  end if;

  insert into conversations (organisation_id, is_group, name, created_by)
  values (v_my_org, true, v_trimmed_name, v_my_id)
  returning id into v_conversation_id;

  insert into conversation_participants (conversation_id, user_id)
  select v_conversation_id, pid
  from unnest(p_participant_ids) as pid
  on conflict do nothing;

  insert into conversation_participants (conversation_id, user_id)
  values (v_conversation_id, v_my_id)
  on conflict do nothing;

  return v_conversation_id;
end;
$function$
"
function,create_organisation(p_name text),"CREATE OR REPLACE FUNCTION public.create_organisation(p_name text)
 RETURNS organisations
 LANGUAGE plpgsql
 SECURITY DEFINER
 SET search_path TO 'public'
AS $function$
declare
  v_org            public.organisations;
  v_admin_role_id  uuid;
  v_member_role_id uuid;
  v_user_id        uuid := auth.uid();
begin
  if v_user_id is null then
    raise exception 'Du skal være logget ind for at oprette en organisation.' using hint = 'NOT_LOGGED_IN_CREATE_ORG';
  end if;

  if trim(coalesce(p_name, '')) = '' then
    raise exception 'Organisationens navn skal udfyldes.' using hint = 'ORG_NAME_REQUIRED';
  end if;

  insert into public.organisations (name)
  values (trim(p_name))
  returning * into v_org;

  insert into public.roles (organisation_id, name)
  values (v_org.id, 'Admin')
  returning id into v_admin_role_id;

  insert into public.privileges (role_id, name)
  values (v_admin_role_id, 'admin');

  insert into public.roles (organisation_id, name)
  values (v_org.id, 'Medlem')
  returning id into v_member_role_id;

  -- Medlems faste privilegie-sæt seedes her - trg_prevent_default_role_
  -- privilege_change (15.6d) blokerer ellers insert på ""Medlem"".
  perform set_config('ponos.bypass_admin_protection', 'true', true);

  insert into public.privileges (role_id, name)
  values (v_member_role_id, 'read_news'), (v_member_role_id, 'read_tasks');

  perform set_config('ponos.bypass_admin_protection', 'false', true);

  insert into public.memberships (user_id, organisation_id, role_id)
  values (v_user_id, v_org.id, v_admin_role_id);

  -- Lokal til denne transaktion (tredje argument 'true') - nulstilles
  -- automatisk ved commit, påvirker ingen andre requests.
  perform set_config('ponos.bypass_self_role_org_change', 'true', true);

  -- US-60: den nyoprettede organisation bliver altid brugerens aktive
  -- organisation med det samme (også ved en 2., 3., ... organisation) -
  -- brugeren kan stadig frit skifte tilbage bagefter via
  -- set_active_organisation (15.10) / ""Mine organisationer"".
  update public.profiles
    set active_organisation_id = v_org.id
    where id = v_user_id;

  return v_org;
end;
$function$
"
function,"create_role_with_privileges(p_name text, p_privilege_names text","CREATE OR REPLACE FUNCTION public.create_role_with_privileges(p_name text, p_privilege_names text[])
 RETURNS TABLE(id uuid, name text)
 LANGUAGE plpgsql
 SECURITY DEFINER
 SET search_path TO 'public'
AS $function$
declare
  v_org     uuid := public.auth_profile_org();
  v_role_id uuid;
  v_name    text := trim(coalesce(p_name, ''));
  v_priv    text;
begin
  if v_org is null or not public.has_privilege_or_admin('create_roles') then
    raise exception 'Du har ikke rettigheder til at oprette roller.'
      using errcode = '42501', hint = 'NO_PRIV_CREATE_ROLES';
  end if;

  if v_name = '' then
    raise exception 'Rollen skal have et navn.' using hint = 'ROLE_NAME_REQUIRED';
  end if;

  foreach v_priv in array coalesce(p_privilege_names, '{}') loop
    if v_priv = 'admin' or not (public.has_privilege('admin') or public.has_privilege(v_priv)) then
      raise exception 'Du kan kun give privilegier, du selv har.'
        using errcode = '42501', hint = 'NO_PRIV_GRANT_PRIVILEGE';
    end if;
  end loop;

  -- Unik (organisation_id, name) giver 23505 ved dublet - mappes i roleApi.ts.
  insert into public.roles (organisation_id, name)
  values (v_org, v_name)
  returning roles.id into v_role_id;

  insert into public.privileges (role_id, name)
  select distinct v_role_id, p from unnest(coalesce(p_privilege_names, '{}')) p;

  return query select v_role_id, v_name;
end;
$function$
"
function,"create_task_room(p_name text, p_role_ids uuid[])","CREATE OR REPLACE FUNCTION public.create_task_room(p_name text, p_role_ids uuid[])
 RETURNS task_rooms
 LANGUAGE plpgsql
 SECURITY DEFINER
 SET search_path TO 'public'
AS $function$
declare
  v_org  uuid := public.auth_profile_org();
  v_room public.task_rooms;
begin
  if v_org is null or not public.has_privilege_or_admin('create_tasks') then
    raise exception 'Du har ikke rettigheder til at oprette rum.' using errcode = '42501';
  end if;

  if coalesce(trim(p_name), '') = '' then
    raise exception 'Rummet skal have et navn.';
  end if;

  if exists (
    select 1 from unnest(coalesce(p_role_ids, '{}')) r(id)
    where not exists (select 1 from public.roles where id = r.id and organisation_id = v_org)
  ) then
    raise exception 'En eller flere roller tilhører ikke organisationen.';
  end if;

  insert into public.task_rooms (organisation_id, name)
  values (v_org, trim(p_name))
  returning * into v_room;

  insert into public.task_room_roles (room_id, role_id)
  select distinct v_room.id, r.id from unnest(coalesce(p_role_ids, '{}')) r(id);

  perform public.sync_room_conversation(v_room.id);

  return v_room;
end;
$function$
"
function,delete_message(p_message_id uuid),"CREATE OR REPLACE FUNCTION public.delete_message(p_message_id uuid)
 RETURNS void
 LANGUAGE plpgsql
 SECURITY DEFINER
 SET search_path TO 'public'
AS $function$
declare
  v_caller_id uuid := auth.uid();
  v_sender_id uuid;
  v_deleted_at timestamptz;
  v_conversation_id uuid;
  v_created_at timestamptz;
begin
  if v_caller_id is null then
    raise exception 'Du skal være logget ind.' using hint = 'NOT_LOGGED_IN';
  end if;

  select sender_id, deleted_at, conversation_id, created_at
    into v_sender_id, v_deleted_at, v_conversation_id, v_created_at
  from public.messages
  where id = p_message_id;

  if v_sender_id is null then
    raise exception 'Beskeden findes ikke.' using hint = 'MESSAGE_NOT_FOUND';
  end if;

  if v_sender_id is distinct from v_caller_id then
    raise exception 'Du kan kun slette dine egne beskeder.' using hint = 'CAN_ONLY_DELETE_OWN_MESSAGES';
  end if;

  if v_deleted_at is not null then
    return;
  end if;

  update public.messages
    set deleted_at = now(),
        content = ''
    where id = p_message_id;

  update public.notifications
    set body = 'Denne besked er slettet'
    where type = 'message'
      and reference_id = v_conversation_id
      and created_at = v_created_at;
end;
$function$
"
function,delete_organisation(p_organisation_id uuid),"CREATE OR REPLACE FUNCTION public.delete_organisation(p_organisation_id uuid)
 RETURNS organisations
 LANGUAGE plpgsql
 SECURITY DEFINER
 SET search_path TO 'public'
AS $function$
declare
  v_user_id     uuid := auth.uid();
  v_role_id     uuid;
  v_is_admin    boolean;
  v_was_active  boolean;
  v_next_org_id uuid;
  v_result      public.organisations;
begin
  if v_user_id is null then
    raise exception 'Du skal være logget ind for at slette en organisation.' using hint = 'NOT_LOGGED_IN_DELETE_ORG';
  end if;

  select role_id into v_role_id
  from public.memberships
  where user_id = v_user_id and organisation_id = p_organisation_id;

  if not found then
    raise exception 'Du er ikke medlem af denne organisation.' using hint = 'NOT_MEMBER_OF_ORG';
  end if;

  v_is_admin := v_role_id is not null and exists (
    select 1 from public.privileges where role_id = v_role_id and name = 'admin'
  );

  if not v_is_admin then
    raise exception 'Kun en administrator kan slette organisationen.' using hint = 'ONLY_ADMIN_CAN_DELETE_ORG';
  end if;

  select (active_organisation_id = p_organisation_id) into v_was_active
  from public.profiles where id = v_user_id;

  perform set_config('ponos.bypass_self_role_org_change', 'true', true);
  perform set_config('ponos.bypass_admin_protection', 'true', true);

  delete from public.organisations where id = p_organisation_id;

  if v_was_active then
    select organisation_id into v_next_org_id
    from public.memberships
    where user_id = v_user_id
    order by created_at
    limit 1;

    update public.profiles
      set active_organisation_id = v_next_org_id
      where id = v_user_id;

    if v_next_org_id is not null then
      select * into v_result from public.organisations where id = v_next_org_id;
    end if;
  end if;

  return v_result;
end;
$function$
"
function,"edit_message(p_message_id uuid, p_content text)","CREATE OR REPLACE FUNCTION public.edit_message(p_message_id uuid, p_content text)
 RETURNS void
 LANGUAGE plpgsql
 SECURITY DEFINER
 SET search_path TO 'public'
AS $function$
declare
  v_caller_id uuid := auth.uid();
  v_conversation_id uuid;
  v_sender_id uuid;
  v_deleted_at timestamptz;
  v_created_at timestamptz;
  v_latest_message_id uuid;
  v_trimmed text := btrim(p_content);
begin
  if v_caller_id is null then
    raise exception 'Du skal være logget ind.' using hint = 'NOT_LOGGED_IN';
  end if;

  if v_trimmed = '' then
    raise exception 'Beskeden kan ikke være tom.' using hint = 'MESSAGE_EMPTY';
  end if;

  select conversation_id, sender_id, deleted_at, created_at
    into v_conversation_id, v_sender_id, v_deleted_at, v_created_at
  from public.messages
  where id = p_message_id;

  if v_conversation_id is null then
    raise exception 'Beskeden findes ikke.' using hint = 'MESSAGE_NOT_FOUND';
  end if;

  if v_sender_id is distinct from v_caller_id then
    raise exception 'Du kan kun redigere dine egne beskeder.' using hint = 'CAN_ONLY_EDIT_OWN_MESSAGES';
  end if;

  if v_deleted_at is not null then
    raise exception 'Denne besked er slettet.' using hint = 'MESSAGE_DELETED';
  end if;

  if not public.can_write_conversation(v_conversation_id) then
    raise exception 'Chatten er lukket - kun læsning.' using hint = 'CONVERSATION_CLOSED';
  end if;

  select id into v_latest_message_id
  from public.messages
  where conversation_id = v_conversation_id
    and deleted_at is null
  order by created_at desc
  limit 1;

  if v_latest_message_id is distinct from p_message_id then
    raise exception 'Kun den seneste besked i samtalen kan redigeres.' using hint = 'ONLY_LAST_MESSAGE_EDITABLE';
  end if;

  update public.messages
    set content = v_trimmed,
        edited_at = now()
    where id = p_message_id;

  update public.notifications
    set body = left(v_trimmed, 140)
    where type = 'message'
      and reference_id = v_conversation_id
      and created_at = v_created_at;
end;
$function$
"
function,get_my_conversations(),"CREATE OR REPLACE FUNCTION public.get_my_conversations()
 RETURNS TABLE(conversation_id uuid, is_group boolean, display_name text, other_user_id uuid, url_picture text, last_message text, last_message_at timestamp with time zone, last_message_deleted boolean, unread boolean, task_id uuid, room_id uuid, task_status e_task_status, closed boolean, completion_choice text)
 LANGUAGE sql
 STABLE SECURITY DEFINER
 SET search_path TO 'public', 'pg_catalog'
AS $function$
  select
    c.id,
    c.is_group,
    case
      when c.is_group then c.name
      else concat_ws(' ', other_profile.first_name, other_profile.last_name)
    end,
    case when c.is_group then null else other.user_id end,
    case when c.is_group then null else other_profile.url_picture end,
    case when lm.deleted_at is null then lm.content end,
    lm.created_at,
    coalesce(lm.deleted_at is not null, false),
    (
      lm.created_at is not null
      and lm.created_at > coalesce(me.last_read_at, '-infinity'::timestamptz)
      and lm.sender_id is distinct from auth.uid()
    ) as unread,
    c.task_id,
    c.room_id,
    t.status,
    (
      c.closed_at is not null
      or me.completion_choice = 'close'
      or (c.room_id is not null and not exists (
        select 1 from public.task_room_roles trr where trr.room_id = c.room_id
      ))
    ) as closed,
    me.completion_choice
  from public.conversations c
  join public.conversation_participants me
    on me.conversation_id = c.id
   and me.user_id = auth.uid()
  left join public.conversation_participants other
    on other.conversation_id = c.id
   and other.user_id <> auth.uid()
   and not c.is_group
  left join public.profiles other_profile on other_profile.id = other.user_id
  left join public.tasks t on t.id = c.task_id
  left join lateral (
    select m.content, m.created_at, m.sender_id, m.deleted_at
    from public.messages m
    where m.conversation_id = c.id
    order by m.created_at desc
    limit 1
  ) lm on true
  where auth.uid() is not null
    -- Kun samtaler i min AKTIVE organisation.
    and c.organisation_id = public.auth_profile_org()
    and (c.room_id is null or public.can_access_task_room(c.room_id))
    -- Opgave-chat arkiveret, fordi alle har valgt ""Luk chat"".
    and (c.task_id is null or c.archived_at is null)
  order by coalesce(lm.created_at, c.created_at) desc;
$function$
"
function,get_my_memberships(),"CREATE OR REPLACE FUNCTION public.get_my_memberships()
 RETURNS TABLE(organisation_id uuid, organisation_name text, role_id uuid, role_name text, is_active boolean, is_admin boolean, member_count bigint)
 LANGUAGE sql
 STABLE SECURITY DEFINER
 SET search_path TO 'public'
AS $function$
  select
    m.organisation_id,
    o.name as organisation_name,
    m.role_id,
    r.name as role_name,
    m.organisation_id = p.active_organisation_id as is_active,
    exists (
      select 1 from public.privileges pr where pr.role_id = m.role_id and pr.name = 'admin'
    ) as is_admin,
    (select count(*) from public.memberships m2 where m2.organisation_id = m.organisation_id) as member_count
  from public.memberships m
  join public.organisations o on o.id = m.organisation_id
  left join public.roles r on r.id = m.role_id
  join public.profiles p on p.id = auth.uid()
  where m.user_id = auth.uid();
$function$
"
function,get_or_create_direct_conversation(p_other_user_id uuid),"CREATE OR REPLACE FUNCTION public.get_or_create_direct_conversation(p_other_user_id uuid)
 RETURNS uuid
 LANGUAGE plpgsql
 SECURITY DEFINER
 SET search_path TO 'public'
AS $function$
declare
  v_caller_id uuid := auth.uid();
  v_org_id uuid := public.auth_profile_org();
  v_conversation_id uuid;
begin
  if v_caller_id is null or v_org_id is null then
    raise exception 'Du er ikke medlem af en organisation.' using hint = 'NO_ACTIVE_ORG';
  end if;

  if p_other_user_id is null or p_other_user_id = v_caller_id then
    raise exception 'Du kan ikke oprette en samtale med dig selv.' using hint = 'CANNOT_MESSAGE_SELF';
  end if;

  if not exists (
    select 1 from public.memberships m
    where m.user_id = p_other_user_id and m.organisation_id = v_org_id
  ) then
    raise exception 'Denne person er ikke medlem af din organisation.' using hint = 'PERSON_NOT_IN_ORG';
  end if;

  -- Samme brugerpar + org må ikke få to DM'er ved samtidige klik.
  perform pg_advisory_xact_lock(hashtextextended(
    'direct_conversation:' || v_org_id::text || ':'
      || least(v_caller_id, p_other_user_id)::text || ':'
      || greatest(v_caller_id, p_other_user_id)::text, 0));

  select c.id into v_conversation_id
  from public.conversations c
  where c.organisation_id = v_org_id
    and not c.is_group
    and c.task_id is null
    and c.room_id is null
    and exists (select 1 from public.conversation_participants cp
                where cp.conversation_id = c.id and cp.user_id = v_caller_id)
    and exists (select 1 from public.conversation_participants cp
                where cp.conversation_id = c.id and cp.user_id = p_other_user_id)
  order by c.created_at
  limit 1;

  if v_conversation_id is not null then
    return v_conversation_id;
  end if;

  insert into public.conversations (organisation_id, is_group, created_by)
  values (v_org_id, false, v_caller_id)
  returning id into v_conversation_id;

  insert into public.conversation_participants (conversation_id, user_id)
  values (v_conversation_id, v_caller_id), (v_conversation_id, p_other_user_id);

  return v_conversation_id;
end;
$function$
"
function,get_or_join_room_conversation(p_room_id uuid),"CREATE OR REPLACE FUNCTION public.get_or_join_room_conversation(p_room_id uuid)
 RETURNS uuid
 LANGUAGE plpgsql
 SECURITY DEFINER
 SET search_path TO 'public'
AS $function$
declare
  v_org uuid := public.auth_profile_org();
  v_conversation_id uuid;
begin
  if auth.uid() is null then
    raise exception 'Du skal være logget ind.' using hint = 'NOT_LOGGED_IN';
  end if;

  if v_org is null
     or not public.has_privilege_or_admin('read_tasks')
     or not exists (select 1 from public.task_rooms where id = p_room_id and organisation_id = v_org)
     or not public.can_access_task_room(p_room_id)
  then
    raise exception 'Rummet findes ikke, eller du har ikke adgang til det.' using hint = 'ROOM_NOT_ACCESSIBLE';
  end if;

  if not exists (select 1 from public.task_room_roles where room_id = p_room_id) then
    raise exception 'Rummet er ikke rolle-låst og har ingen chat.' using hint = 'ROOM_NOT_ROLE_LOCKED';
  end if;

  select id into v_conversation_id from public.conversations where room_id = p_room_id;

  if v_conversation_id is null then
    perform public.sync_room_conversation(p_room_id);
    select id into v_conversation_id from public.conversations where room_id = p_room_id;
  end if;

  delete from public.conversation_opt_outs
  where conversation_id = v_conversation_id
    and user_id = auth.uid();

  insert into public.conversation_participants (conversation_id, user_id)
  values (v_conversation_id, auth.uid())
  on conflict (conversation_id, user_id) do nothing;

  update public.conversations
     set archived_at = null, archived_by = null
   where id = v_conversation_id and archived_at is not null;

  return v_conversation_id;
end;
$function$
"
function,get_pending_task_requests(),"CREATE OR REPLACE FUNCTION public.get_pending_task_requests()
 RETURNS TABLE(id uuid, task_id uuid, task_title text, requested_by uuid, requester_first_name text, requester_last_name text, requested_at timestamp with time zone, rejection_count integer, room_id uuid, room_name text, priority e_task_priority, end_date timestamp with time zone)
 LANGUAGE plpgsql
 STABLE SECURITY DEFINER
 SET search_path TO 'public'
AS $function$
declare
  v_org_id uuid := public.auth_profile_org();
begin
  if v_org_id is null then
    raise exception 'Du er ikke medlem af en organisation.' using hint = 'NO_ACTIVE_ORG';
  end if;

  if not (public.has_privilege_or_admin('approve_task') or public.has_privilege_or_admin('reject_task')) then
    raise exception 'Du har ikke rettigheder til at se opgavegodkendelser.' using errcode = '42501', hint = 'NO_PRIV_READ_TASK_APPROVALS';
  end if;

  return query
    select r.id, r.task_id, t.title, r.requested_by, p.first_name, p.last_name, r.requested_at,
      (select count(*)::integer from public.task_requests pr
        where pr.task_id = r.task_id and pr.status = 'Rejected') as rejection_count,
      t.room_id, tr.name, t.priority, t.end_date
    from public.task_requests r
    join public.tasks t on t.id = r.task_id
    left join public.task_rooms tr on tr.id = t.room_id
    left join public.profiles p on p.id = r.requested_by
    where r.status = 'Pending' and t.organisation_id = v_org_id
      and public.can_access_task_room(t.room_id)
    order by r.requested_at;
end;
$function$
"
function,"get_statistics(p_start timestamp with time zone, p_end timestam","CREATE OR REPLACE FUNCTION public.get_statistics(p_start timestamp with time zone, p_end timestamp with time zone, p_granularity text, p_tz text)
 RETURNS jsonb
 LANGUAGE plpgsql
 STABLE SECURITY DEFINER
 SET search_path TO 'public'
AS $function$
declare
  v_org uuid := public.auth_profile_org();
begin
  if v_org is null then
    raise exception 'Du er ikke medlem af en organisation.' using hint = 'NO_ACTIVE_ORG';
  end if;

  if not public.has_privilege_or_admin('read_statistics') then
    raise exception 'Du har ikke rettigheder til at se statistik.' using errcode = '42501', hint = 'NO_PRIV_READ_STATISTICS';
  end if;

  if p_start is not null and p_end is not null and p_end <= p_start then
    raise exception 'Slutdatoen skal ligge efter startdatoen.' using hint = 'INVALID_PERIOD';
  end if;

  return public.statistics_payload(v_org, p_start, p_end, p_granularity, p_tz);
end;
$function$
"
function,get_task_request_details(p_request_id uuid),"CREATE OR REPLACE FUNCTION public.get_task_request_details(p_request_id uuid)
 RETURNS jsonb
 LANGUAGE plpgsql
 STABLE SECURITY DEFINER
 SET search_path TO 'public'
AS $function$
declare
  v_org_id uuid := public.auth_profile_org();
  v_task_id uuid;
  v_result jsonb;
begin
  if v_org_id is null then
    raise exception 'Du er ikke medlem af en organisation.' using hint = 'NO_ACTIVE_ORG';
  end if;

  if not (public.has_privilege_or_admin('approve_task') or public.has_privilege_or_admin('reject_task')) then
    raise exception 'Du har ikke rettigheder til at se opgavegodkendelser.' using errcode = '42501', hint = 'NO_PRIV_READ_TASK_APPROVALS';
  end if;

  select r.task_id into v_task_id
  from public.task_requests r
  join public.tasks t on t.id = r.task_id
  where r.id = p_request_id and t.organisation_id = v_org_id
    and public.can_access_task_room(t.room_id);

  if v_task_id is null then
    raise exception 'Anmodningen findes ikke i din organisation.' using hint = 'TASK_REQUEST_NOT_FOUND';
  end if;

  select jsonb_build_object(
    'task', jsonb_build_object(
      'id', t.id,
      'title', t.title,
      'description', t.description,
      'priority', t.priority,
      'status', t.status,
      'start_date', t.start_date,
      'end_date', t.end_date,
      'requires_approval', t.requires_approval,
      'room_name', tr.name
    ),
    'requester_name', trim(coalesce(p.first_name, '') || ' ' || coalesce(p.last_name, '')),
    'requested_at', r.requested_at,
    'assignees', coalesce((
      select jsonb_agg(trim(coalesce(ap.first_name, '') || ' ' || coalesce(ap.last_name, '')) order by ap.first_name, ap.last_name)
      from public.task_assignees ta
      left join public.profiles ap on ap.id = ta.user_id
      where ta.task_id = t.id
    ), '[]'::jsonb),
    'materials', coalesce((
      select jsonb_agg(jsonb_build_object(
        'id', tm.id,
        'item_name', i.name,
        'unit_of_measurement', i.unit_of_measurement,
        'quantity', tm.quantity,
        'linked_groups', coalesce((
          select jsonb_agg(jsonb_build_object('status', g.status, 'quantity', g.quantity))
          from (
            select u.status, sum(u.quantity) as quantity
            from public.task_material_units tmu
            join public.data_layer_item_units u on u.id = tmu.unit_id
            where tmu.task_material_id = tm.id
            group by u.status
          ) g
        ), '[]'::jsonb),
        'location_labels', coalesce((
          select jsonb_agg(distinct case when pl.id is null then l.name else pl.name || ' > ' || l.name end)
          from public.task_material_units tmu
          join public.data_layer_item_units u on u.id = tmu.unit_id
          join public.locations l on l.id = u.location_id
          left join public.locations pl on pl.id = l.parent_location_id
          where tmu.task_material_id = tm.id
        ), '[]'::jsonb),
        'has_units_without_location', exists (
          select 1
          from public.task_material_units tmu
          join public.data_layer_item_units u on u.id = tmu.unit_id
          where tmu.task_material_id = tm.id and u.location_id is null
        ),
        'proposed_outcomes', (
          select mo->'outcomes'
          from jsonb_array_elements(coalesce(r.material_outcomes, '[]'::jsonb)) mo
          where (mo->>'taskMaterialId')::uuid = tm.id
          limit 1
        )
      ) order by i.name)
      from public.task_materials tm
      join public.data_layer_items i on i.id = tm.item_id
      where tm.task_id = t.id
    ), '[]'::jsonb),
    'previous_rejections', coalesce((
      select jsonb_agg(jsonb_build_object(
        'reason', pr.rejection_reason,
        'rejected_at', pr.done_at,
        'rejected_by_name', trim(coalesce(hp.first_name, '') || ' ' || coalesce(hp.last_name, '')),
        'requester_name', trim(coalesce(rp.first_name, '') || ' ' || coalesce(rp.last_name, '')),
        'requested_at', pr.requested_at
      ) order by pr.done_at desc nulls last)
      from public.task_requests pr
      left join public.profiles hp on hp.id = pr.handled_by
      left join public.profiles rp on rp.id = pr.requested_by
      where pr.task_id = t.id and pr.status = 'Rejected'
    ), '[]'::jsonb)
  ) into v_result
  from public.task_requests r
  join public.tasks t on t.id = r.task_id
  left join public.task_rooms tr on tr.id = t.room_id
  left join public.profiles p on p.id = r.requested_by
  where r.id = p_request_id;

  return v_result;
end;
$function$
"
function,handle_membership_invitation_status_change(),"CREATE OR REPLACE FUNCTION public.handle_membership_invitation_status_change()
 RETURNS trigger
 LANGUAGE plpgsql
 SECURITY DEFINER
 SET search_path TO 'public'
AS $function$
declare
  v_default_role_id uuid;
begin
  if new.status = 'Accepted' and old.status is distinct from 'Accepted' then
    new.reviewed_at := coalesce(new.reviewed_at, now());

    select id into v_default_role_id
    from public.roles
    where organisation_id = new.organisation_id and name = 'Medlem';

    insert into public.memberships (user_id, organisation_id, role_id)
    values (new.invited_user_id, new.organisation_id, v_default_role_id)
    on conflict (user_id, organisation_id) do nothing;

    perform set_config('ponos.bypass_self_role_org_change', 'true', true);

    update public.profiles
      set active_organisation_id = new.organisation_id
      where id = new.invited_user_id and active_organisation_id is null;
  elsif new.status = 'Rejected' and old.status is distinct from 'Rejected' then
    new.reviewed_at := coalesce(new.reviewed_at, now());
  end if;
  return new;
end;
$function$
"
function,handle_membership_request_status_change(),"CREATE OR REPLACE FUNCTION public.handle_membership_request_status_change()
 RETURNS trigger
 LANGUAGE plpgsql
 SECURITY DEFINER
 SET search_path TO 'public'
AS $function$
declare
  v_default_role_id uuid;
begin
  if new.status = 'Accepted' and old.status is distinct from 'Accepted' then
    new.reviewed_at := coalesce(new.reviewed_at, now());
    new.reviewed_by := coalesce(new.reviewed_by, auth.uid());

    select id into v_default_role_id
    from public.roles
    where organisation_id = new.organisation_id and name = 'Medlem';

    insert into public.memberships (user_id, organisation_id, role_id)
    values (new.user_id, new.organisation_id, v_default_role_id)
    on conflict (user_id, organisation_id) do nothing;

    update public.profiles
      set active_organisation_id = new.organisation_id
      where id = new.user_id and active_organisation_id is null;
  elsif new.status = 'Rejected' and old.status is distinct from 'Rejected' then
    new.reviewed_at := coalesce(new.reviewed_at, now());
    new.reviewed_by := coalesce(new.reviewed_by, auth.uid());
  end if;
  return new;
end;
$function$
"
function,handle_new_user(),"CREATE OR REPLACE FUNCTION public.handle_new_user()
 RETURNS trigger
 LANGUAGE plpgsql
 SECURITY DEFINER
 SET search_path TO 'public'
AS $function$
begin
  insert into public.profiles (id, first_name, last_name, email)
  values (
    new.id,
    coalesce(new.raw_user_meta_data->>'first_name', ''),
    coalesce(new.raw_user_meta_data->>'last_name', ''),
    new.email
  );
  return new;
end;
$function$
"
function,handle_task_conversation_changes(),"CREATE OR REPLACE FUNCTION public.handle_task_conversation_changes()
 RETURNS trigger
 LANGUAGE plpgsql
 SECURITY DEFINER
 SET search_path TO 'public'
AS $function$
declare
  v_conversation_id uuid;
  v_created_by uuid;
  v_actor uuid;
begin
  select id, created_by into v_conversation_id, v_created_by
  from public.conversations
  where task_id = new.id;

  if v_conversation_id is null then
    return new;
  end if;

  v_actor := coalesce(auth.uid(), v_created_by);

  if new.title is distinct from old.title then
    update public.conversations set name = new.title where id = v_conversation_id;
  end if;

  if new.status = 'Completed' and old.status is distinct from 'Completed' then
    insert into public.messages (conversation_id, sender_id, content, message_type)
    values (v_conversation_id, v_actor, 'Opgaven er afsluttet', 'system');
  elsif old.status = 'Completed' and new.status is distinct from 'Completed' then
    update public.conversation_participants
       set completion_choice = null
     where conversation_id = v_conversation_id;

    -- Valgene er nulstillet -> chatten af-arkiveres og dukker op igen.
    perform public.sync_task_conversation_archive(v_conversation_id);

    insert into public.messages (conversation_id, sender_id, content, message_type)
    values (v_conversation_id, v_actor, 'Opgaven er genåbnet', 'system');
  end if;

  return new;
end;
$function$
"
function,has_privilege(p_name text),"CREATE OR REPLACE FUNCTION public.has_privilege(p_name text)
 RETURNS boolean
 LANGUAGE sql
 STABLE SECURITY DEFINER
 SET search_path TO 'public'
AS $function$
  select exists (
    select 1
    from public.profiles pr
    join public.memberships m on m.user_id = pr.id and m.organisation_id = pr.active_organisation_id
    join public.privileges p on p.role_id = m.role_id
    where pr.id = auth.uid() and p.name = p_name
  );
$function$
"
function,has_privilege_or_admin(p_name text),"CREATE OR REPLACE FUNCTION public.has_privilege_or_admin(p_name text)
 RETURNS boolean
 LANGUAGE sql
 STABLE SECURITY DEFINER
 SET search_path TO 'public'
AS $function$
  select public.has_privilege(p_name) or public.has_privilege('admin');
$function$
"
function,invite_member(p_email text),"CREATE OR REPLACE FUNCTION public.invite_member(p_email text)
 RETURNS void
 LANGUAGE plpgsql
 SECURITY DEFINER
 SET search_path TO 'public'
AS $function$
declare
  v_org_id uuid := public.auth_profile_org();
  v_target_id uuid;
begin
  if v_org_id is null then
    raise exception 'Du er ikke medlem af en organisation.' using hint = 'NO_ACTIVE_ORG';
  end if;

  if not public.has_privilege_or_admin('create_invitations') then
    raise exception 'Du har ikke rettigheder til at invitere medlemmer.' using hint = 'NO_PRIV_INVITE_MEMBERS';
  end if;

  select id into v_target_id
  from public.profiles
  where lower(email) = lower(trim(p_email));

  if v_target_id is null then
    raise exception 'Ingen bruger findes med denne email.' using hint = 'NO_USER_WITH_EMAIL';
  end if;

  if exists (
    select 1 from public.memberships
    where user_id = v_target_id and organisation_id = v_org_id
  ) then
    raise exception 'Brugeren er allerede medlem af organisationen.' using hint = 'USER_ALREADY_MEMBER';
  end if;

  insert into public.membership_invitations (organisation_id, invited_user_id, invited_by)
  values (v_org_id, v_target_id, auth.uid())
  on conflict (invited_user_id, organisation_id) where status = 'Pending' do nothing;

  if not found then
    raise exception 'Brugeren har allerede en ventende invitation til organisationen.' using hint = 'USER_ALREADY_INVITED';
  end if;
end;
$function$
"
function,"is_conversation_participant(p_conversation_id uuid, p_user_id u","CREATE OR REPLACE FUNCTION public.is_conversation_participant(p_conversation_id uuid, p_user_id uuid DEFAULT auth.uid())
 RETURNS boolean
 LANGUAGE sql
 STABLE SECURITY DEFINER
 SET search_path TO 'public'
AS $function$
  select exists (
    select 1
    from public.conversation_participants
    where conversation_id = p_conversation_id
      and user_id = p_user_id
  );
$function$
"
function,is_organisation_admin(p_organisation_id uuid),"CREATE OR REPLACE FUNCTION public.is_organisation_admin(p_organisation_id uuid)
 RETURNS boolean
 LANGUAGE sql
 STABLE SECURITY DEFINER
 SET search_path TO 'public'
AS $function$
  select exists (
    select 1
    from public.memberships m
    join public.roles r on r.id = m.role_id
    where m.user_id = (select auth.uid())
      and m.organisation_id = p_organisation_id
      and lower(r.name) = 'admin'
  );
$function$
"
function,is_pending_requester_to_my_org(p_user_id uuid),"CREATE OR REPLACE FUNCTION public.is_pending_requester_to_my_org(p_user_id uuid)
 RETURNS boolean
 LANGUAGE sql
 STABLE SECURITY DEFINER
 SET search_path TO 'public'
AS $function$
  select public.has_privilege_or_admin('read_membership_requests') and exists (
    select 1
    from public.membership_requests mr
    where mr.user_id = p_user_id
      and mr.organisation_id = public.auth_profile_org()
      and mr.status = 'Pending'
  );
$function$
"
function,is_task_assignee(p_task_id uuid),"CREATE OR REPLACE FUNCTION public.is_task_assignee(p_task_id uuid)
 RETURNS boolean
 LANGUAGE sql
 STABLE SECURITY DEFINER
 SET search_path TO 'public'
AS $function$
  select exists (
    select 1 from public.task_assignees where task_id = p_task_id and user_id = auth.uid()
  );
$function$
"
function,join_task_conversation(p_task_id uuid),"CREATE OR REPLACE FUNCTION public.join_task_conversation(p_task_id uuid)
 RETURNS uuid
 LANGUAGE plpgsql
 SECURITY DEFINER
 SET search_path TO 'public'
AS $function$
declare
  v_org uuid := public.auth_profile_org();
  v_conversation_id uuid;
begin
  if auth.uid() is null then
    raise exception 'Du skal være logget ind.' using hint = 'NOT_LOGGED_IN';
  end if;

  if v_org is null
     or not exists (
       select 1
       from public.tasks t
       join public.task_assignees ta on ta.task_id = t.id and ta.user_id = auth.uid()
       where t.id = p_task_id and t.organisation_id = v_org
     )
  then
    raise exception 'Opgave-chatten er ikke tilgængelig for dig.' using hint = 'TASK_CHAT_NOT_AVAILABLE';
  end if;

  perform pg_advisory_xact_lock(hashtextextended('task_conversation:' || p_task_id::text, 0));

  select id into v_conversation_id from public.conversations where task_id = p_task_id;

  if v_conversation_id is null then
    perform public.sync_task_conversation(p_task_id);
    select id into v_conversation_id from public.conversations where task_id = p_task_id;

    if v_conversation_id is null then
      raise exception 'Opgave-chatten er ikke tilgængelig for dig.' using hint = 'TASK_CHAT_NOT_AVAILABLE';
    end if;
  end if;

  delete from public.conversation_opt_outs
  where conversation_id = v_conversation_id
    and user_id = auth.uid();

  -- Stadig deltager, men chatten er arkiveret (alle lukkede): Chat-klik
  -- fortryder mit 'close', så den dukker op igen.
  insert into public.conversation_participants (conversation_id, user_id)
  values (v_conversation_id, auth.uid())
  on conflict (conversation_id, user_id) do update
    set completion_choice = null
    where conversation_participants.completion_choice = 'close';

  perform public.sync_task_conversation_archive(v_conversation_id);

  return v_conversation_id;
end;
$function$
"
function,leave_group_conversation(p_conversation_id uuid),"CREATE OR REPLACE FUNCTION public.leave_group_conversation(p_conversation_id uuid)
 RETURNS void
 LANGUAGE plpgsql
 SECURITY DEFINER
 SET search_path TO 'public'
AS $function$
declare
  v_caller_id uuid := auth.uid();
  v_caller_org uuid;
  v_conversation_org uuid;
  v_is_group boolean;
  v_task_id uuid;
  v_room_id uuid;
  v_caller_name text;
  v_deleted_count int;
begin
  if v_caller_id is null then
    raise exception 'Du skal være logget ind.' using hint = 'NOT_LOGGED_IN';
  end if;

  select c.is_group, c.organisation_id, c.task_id, c.room_id
    into v_is_group, v_conversation_org, v_task_id, v_room_id
  from public.conversations c
  where c.id = p_conversation_id;

  if v_is_group is null then
    raise exception 'Samtalen findes ikke.' using hint = 'CONVERSATION_NOT_FOUND';
  end if;
  if not v_is_group then
    raise exception 'Du kan kun forlade gruppesamtaler.' using hint = 'LEAVE_GROUP_ONLY';
  end if;

  select p.active_organisation_id
    into v_caller_org
  from public.profiles p
  where p.id = v_caller_id;

  if v_caller_org is null or v_caller_org <> v_conversation_org then
    raise exception 'Du har ikke adgang til denne organisation.' using hint = 'NO_ORG_ACCESS';
  end if;
  if not public.is_conversation_participant(p_conversation_id, v_caller_id) then
    raise exception 'Du er ikke deltager i denne samtale.' using hint = 'NOT_CONVERSATION_PARTICIPANT';
  end if;

  -- System-chat: samme lås som sync-funktionerne, og fravalget huskes, så
  -- automatikken ikke melder mig ind igen.
  if v_task_id is not null then
    perform pg_advisory_xact_lock(hashtextextended('task_conversation:' || v_task_id::text, 0));
  elsif v_room_id is not null then
    perform pg_advisory_xact_lock(hashtextextended('room_conversation:' || v_room_id::text, 0));
  end if;

  if v_task_id is not null or v_room_id is not null then
    insert into public.conversation_opt_outs (conversation_id, user_id)
    values (p_conversation_id, v_caller_id)
    on conflict (conversation_id, user_id) do nothing;
  end if;

  select concat_ws(' ', p.first_name, p.last_name)
    into v_caller_name
  from public.profiles p
  where p.id = v_caller_id;

  delete from public.conversation_participants
  where conversation_id = p_conversation_id
    and user_id = v_caller_id;

  get diagnostics v_deleted_count = row_count;

  if v_deleted_count > 0 then
    insert into public.messages (conversation_id, sender_id, content, message_type)
    values (
      p_conversation_id,
      v_caller_id,
      coalesce(v_caller_name, 'Et medlem') || ' forlod gruppen.',
      'system'
    );

    -- Resten har måske alle valgt 'close' -> arkivér.
    if v_task_id is not null then
      perform public.sync_task_conversation_archive(p_conversation_id);
    end if;
  end if;
end;
$function$
"
function,leave_organisation(p_organisation_id uuid),"CREATE OR REPLACE FUNCTION public.leave_organisation(p_organisation_id uuid)
 RETURNS organisations
 LANGUAGE plpgsql
 SECURITY DEFINER
 SET search_path TO 'public'
AS $function$
declare
  v_user_id       uuid := auth.uid();
  v_role_id       uuid;
  v_is_admin      boolean;
  v_other_admins  int;
  v_next_org_id   uuid;
  v_result        public.organisations;
begin
  if v_user_id is null then
    raise exception 'Du skal være logget ind for at forlade en organisation.' using hint = 'NOT_LOGGED_IN_LEAVE_ORG';
  end if;

  select role_id into v_role_id
  from public.memberships
  where user_id = v_user_id and organisation_id = p_organisation_id;

  if not found then
    raise exception 'Du er ikke medlem af denne organisation.' using hint = 'NOT_MEMBER_OF_ORG';
  end if;

  v_is_admin := v_role_id is not null and exists (
    select 1 from public.privileges where role_id = v_role_id and name = 'admin'
  );

  if v_is_admin then
    select count(*) into v_other_admins
    from public.memberships m
    join public.privileges p on p.role_id = m.role_id and p.name = 'admin'
    where m.organisation_id = p_organisation_id and m.user_id <> v_user_id;

    if v_other_admins = 0 then
      raise exception 'Du er den eneste administrator i organisationen. Gør et andet medlem til administrator, før du forlader den.' using hint = 'ONLY_ADMIN_CANNOT_LEAVE';
    end if;
  end if;

  delete from public.memberships
  where user_id = v_user_id and organisation_id = p_organisation_id;

  -- Lokal til denne transaktion (tredje argument 'true') - nulstilles
  -- automatisk ved commit, påvirker ingen andre requests. Nødvendig
  -- fordi opdateringen nedenfor er brugerens EGEN aktive organisation,
  -- hvilket trg_prevent_self_role_org_change normalt blokerer.
  perform set_config('ponos.bypass_self_role_org_change', 'true', true);

  select organisation_id into v_next_org_id
  from public.memberships
  where user_id = v_user_id
  order by created_at
  limit 1;

  update public.profiles
    set active_organisation_id = v_next_org_id
    where id = v_user_id and active_organisation_id = p_organisation_id;

  if v_next_org_id is not null then
    select * into v_result from public.organisations where id = v_next_org_id;
  end if;

  return v_result;
end;
$function$
"
function,mark_conversation_read(p_conversation_id uuid),"CREATE OR REPLACE FUNCTION public.mark_conversation_read(p_conversation_id uuid)
 RETURNS void
 LANGUAGE plpgsql
 SECURITY DEFINER
 SET search_path TO 'public, pg_catalog'
AS $function$
declare
  v_caller_id uuid := auth.uid();
begin
  if v_caller_id is null then
    raise exception 'Du skal være logget ind.' using hint = 'NOT_LOGGED_IN';
  end if;

  if p_conversation_id is null then
    raise exception 'Der skal angives en samtale.' using hint = 'CONVERSATION_REQUIRED';
  end if;

  if not public.is_conversation_participant(p_conversation_id, v_caller_id) then
    raise exception 'Du er ikke deltager i denne samtale.' using hint = 'NOT_CONVERSATION_PARTICIPANT';
  end if;

  update public.conversation_participants
    set last_read_at = now()
    where conversation_id = p_conversation_id
      and user_id = v_caller_id;
end;
$function$
"
function,"member_can_access_room(p_user_id uuid, p_room_id uuid)","CREATE OR REPLACE FUNCTION public.member_can_access_room(p_user_id uuid, p_room_id uuid)
 RETURNS boolean
 LANGUAGE sql
 STABLE SECURITY DEFINER
 SET search_path TO 'public'
AS $function$
  select exists (
    select 1
    from public.task_rooms r
    join public.memberships m on m.organisation_id = r.organisation_id and m.user_id = p_user_id
    where r.id = p_room_id
      and m.role_id is not null
      and (
        public.role_has_privilege(m.role_id, 'admin')
        or (
          public.role_has_privilege(m.role_id, 'read_tasks')
          and (
            public.role_has_privilege(m.role_id, 'view_all_task_rooms')
            or not exists (select 1 from public.task_room_roles trr where trr.room_id = r.id)
            or exists (select 1 from public.task_room_roles trr where trr.room_id = r.id and trr.role_id = m.role_id)
          )
        )
      )
  );
$function$
"
function,notify_membership_invitation(),"CREATE OR REPLACE FUNCTION public.notify_membership_invitation()
 RETURNS trigger
 LANGUAGE plpgsql
 SECURITY DEFINER
 SET search_path TO 'public'
AS $function$
begin
  insert into notifications (user_id, organisation_id, type, title, body, link, reference_id)
  select
    new.invited_user_id,
    new.organisation_id,
    'membership_invitation',
    'Invitation til organisation',
    o.name,
    '/dashboard?tab=organisation&section=invitations',
    new.id
  from organisations o
  where o.id = new.organisation_id;

  return new;
end;
$function$
"
function,notify_new_message(),"CREATE OR REPLACE FUNCTION public.notify_new_message()
 RETURNS trigger
 LANGUAGE plpgsql
 SECURITY DEFINER
 SET search_path TO 'public'
AS $function$
declare
  v_sender_name text;
  v_task_id uuid;
  v_room_id uuid;
begin
  select task_id, room_id
    into v_task_id, v_room_id
  from conversations
  where id = new.conversation_id;

  -- System-chats: kun ""Opgaven er afsluttet"" giver notifikation, fordi den
  -- beder deltagerne om at vælge Hold aktiv / Luk chat.
  if new.message_type = 'system'
     and (v_task_id is not null or v_room_id is not null)
     and new.content <> 'Opgaven er afsluttet' then
    return new;
  end if;

  select concat_ws(' ', first_name, last_name)
    into v_sender_name
  from profiles
  where id = new.sender_id;

  insert into notifications (user_id, organisation_id, type, title, body, link, reference_id)
  select
    cp.user_id,
    c.organisation_id,
    'message',
    case when c.is_group then coalesce(c.name, 'Gruppe') else coalesce(v_sender_name, 'Ny besked') end,
    left(new.content, 140),
    '/beskeder?conversation=' || new.conversation_id,
    new.conversation_id
  from conversation_participants cp
  join conversations c on c.id = cp.conversation_id
  where cp.conversation_id = new.conversation_id
    and cp.user_id <> new.sender_id
    and cp.completion_choice is distinct from 'close'
    and (c.room_id is null or public.member_can_access_room(cp.user_id, c.room_id));

  return new;
end;
$function$
"
function,notify_news_published(),"CREATE OR REPLACE FUNCTION public.notify_news_published()
 RETURNS trigger
 LANGUAGE plpgsql
 SECURITY DEFINER
 SET search_path TO 'public'
AS $function$
begin
  insert into public.notifications (user_id, organisation_id, type, title, body, link, reference_id)
  select
    m.user_id,
    new.organisation_id,
    'news',
    'Ny nyhed',
    new.title,
    '/nyheder?news=' || new.id,
    new.id
  from public.memberships m
  where m.organisation_id = new.organisation_id
    and m.user_id <> coalesce(auth.uid(), '00000000-0000-0000-0000-000000000000'::uuid)
    and exists (
      select 1
      from public.privileges p
      where p.role_id = m.role_id
        and p.name in ('read_news', 'admin')
    );

  return new;
end;
$function$
"
function,notify_task_assigned(),"CREATE OR REPLACE FUNCTION public.notify_task_assigned()
 RETURNS trigger
 LANGUAGE plpgsql
 SECURITY DEFINER
 SET search_path TO 'public'
AS $function$
declare
  v_task_title text;
  v_organisation_id uuid;
begin
  if auth.uid() is null or auth.uid() = new.user_id then
    return new;
  end if;

  select title, organisation_id
    into v_task_title, v_organisation_id
  from tasks
  where id = new.task_id;

  insert into notifications (user_id, organisation_id, type, title, body, link, reference_id)
  values (
    new.user_id,
    v_organisation_id,
    'task_assigned',
    'Du er blevet tilføjet til en opgave',
    v_task_title,
    '/tasks?taskId=' || new.task_id,
    new.task_id
  );

  return new;
end;
$function$
"
function,notify_task_completed(),"CREATE OR REPLACE FUNCTION public.notify_task_completed()
 RETURNS trigger
 LANGUAGE plpgsql
 SECURITY DEFINER
 SET search_path TO 'public'
AS $function$
begin
  -- Sat af approve_task_request, som sender sin egen ""godkendt""-notifikation.
  if coalesce(current_setting('ponos.skip_task_completed_notify', true), '') = 'on' then
    return new;
  end if;

  if new.status = 'Completed' and old.status is distinct from 'Completed' then
    insert into notifications (user_id, organisation_id, type, title, body, link, reference_id)
    select
      ta.user_id,
      new.organisation_id,
      'task_completed',
      'En opgave er afsluttet',
      new.title,
      '/tasks?taskId=' || new.id,
      new.id
    from task_assignees ta
    where ta.task_id = new.id
      and ta.user_id <> coalesce(auth.uid(), '00000000-0000-0000-0000-000000000000'::uuid);
  end if;

  return new;
end;
$function$
"
function,notify_task_created_in_favorite_room(),"CREATE OR REPLACE FUNCTION public.notify_task_created_in_favorite_room()
 RETURNS trigger
 LANGUAGE plpgsql
 SECURITY DEFINER
 SET search_path TO 'public'
AS $function$
begin
  insert into notifications (user_id, organisation_id, type, title, body, link, reference_id)
  select
    f.user_id,
    new.organisation_id,
    'task_favorite_room',
    'Ny opgave i et favoritrum',
    tr.name || ': ' || new.title,
    '/tasks?taskId=' || new.id,
    new.id
  from task_room_favorites f
  join task_rooms tr on tr.id = f.room_id
  join memberships m on m.user_id = f.user_id and m.organisation_id = new.organisation_id
  where f.room_id = new.room_id
    and f.organisation_id = new.organisation_id
    and f.user_id <> coalesce(auth.uid(), '00000000-0000-0000-0000-000000000000'::uuid)
    and m.role_id is not null
    and (role_has_privilege(m.role_id, 'read_tasks') or role_has_privilege(m.role_id, 'admin'))
    and (
      role_has_privilege(m.role_id, 'admin')
      or role_has_privilege(m.role_id, 'view_all_task_rooms')
      or not exists (select 1 from task_room_roles trr where trr.room_id = new.room_id)
      or exists (select 1 from task_room_roles trr where trr.room_id = new.room_id and trr.role_id = m.role_id)
    );

  return new;
end;
$function$
"
function,notify_task_updated(),"CREATE OR REPLACE FUNCTION public.notify_task_updated()
 RETURNS trigger
 LANGUAGE plpgsql
 SECURITY DEFINER
 SET search_path TO 'public'
AS $function$
begin
  insert into notifications (user_id, organisation_id, type, title, body, link, reference_id)
  select
    ta.user_id,
    new.organisation_id,
    'task_updated',
    'En opgave er blevet redigeret',
    new.title,
    '/tasks?taskId=' || new.id,
    new.id
  from task_assignees ta
  where ta.task_id = new.id
    and ta.user_id <> coalesce(auth.uid(), '00000000-0000-0000-0000-000000000000'::uuid);

  return new;
end;
$function$
"
function,prevent_admin_privilege_change(),"CREATE OR REPLACE FUNCTION public.prevent_admin_privilege_change()
 RETURNS trigger
 LANGUAGE plpgsql
 SECURITY DEFINER
 SET search_path TO 'public'
AS $function$
declare
  role_name text;
begin
  if coalesce(current_setting('ponos.bypass_admin_protection', true), 'false') = 'true' then
    if tg_op = 'DELETE' then return old; end if;
    return new;
  end if;

  select name into role_name from public.roles where id = old.role_id;

  if old.name = 'admin' and role_name = 'Admin' then
    if tg_op = 'DELETE' then
      raise exception 'Admin-privilegiet på rollen Admin kan ikke slettes.' using hint = 'ADMIN_PRIVILEGE_LOCKED_DELETE';
    end if;
    if new.name is distinct from old.name then
      raise exception 'Admin-privilegiet på rollen Admin kan ikke omdøbes.' using hint = 'ADMIN_PRIVILEGE_LOCKED_RENAME';
    end if;
  end if;

  if tg_op = 'DELETE' then return old; end if;
  return new;
end;
$function$
"
function,prevent_admin_role_change(),"CREATE OR REPLACE FUNCTION public.prevent_admin_role_change()
 RETURNS trigger
 LANGUAGE plpgsql
 SECURITY DEFINER
 SET search_path TO 'public'
AS $function$
declare
  is_admin_role boolean;
begin
  if coalesce(current_setting('ponos.bypass_admin_protection', true), 'false') = 'true' then
    if tg_op = 'DELETE' then return old; end if;
    return new;
  end if;

  if old.name <> 'Admin' then
    if tg_op = 'DELETE' then return old; end if;
    return new;
  end if;

  is_admin_role := exists (
    select 1 from public.privileges
    where role_id = old.id and name = 'admin'
  );

  if not is_admin_role then
    if tg_op = 'DELETE' then return old; end if;
    return new;
  end if;

  if tg_op = 'DELETE' then
    raise exception 'Rollen Admin har admin-privilegiet og kan ikke slettes.' using hint = 'ADMIN_ROLE_LOCKED_DELETE';
  end if;

  if new.name is distinct from old.name then
    raise exception 'Rollen Admin har admin-privilegiet og kan ikke omdøbes.' using hint = 'ADMIN_ROLE_LOCKED_RENAME';
  end if;
  return new;
end;
$function$
"
function,prevent_default_role_change(),"CREATE OR REPLACE FUNCTION public.prevent_default_role_change()
 RETURNS trigger
 LANGUAGE plpgsql
 SECURITY DEFINER
 SET search_path TO 'public'
AS $function$
begin
  if coalesce(current_setting('ponos.bypass_admin_protection', true), 'false') = 'true' then
    if tg_op = 'DELETE' then return old; end if;
    return new;
  end if;

  if old.name <> 'Medlem' then
    if tg_op = 'DELETE' then return old; end if;
    return new;
  end if;

  if tg_op = 'DELETE' then
    raise exception 'Standardrollen Medlem kan ikke slettes.' using hint = 'MEMBER_ROLE_LOCKED_DELETE';
  end if;

  if new.name is distinct from old.name then
    raise exception 'Standardrollen Medlem kan ikke omdøbes.' using hint = 'MEMBER_ROLE_LOCKED_RENAME';
  end if;
  return new;
end;
$function$
"
function,prevent_default_role_privilege_change(),"CREATE OR REPLACE FUNCTION public.prevent_default_role_privilege_change()
 RETURNS trigger
 LANGUAGE plpgsql
 SECURITY DEFINER
 SET search_path TO 'public'
AS $function$
declare
  role_name text;
begin
  if coalesce(current_setting('ponos.bypass_admin_protection', true), 'false') = 'true' then
    if tg_op = 'DELETE' then return old; end if;
    return new;
  end if;

  if tg_op = 'INSERT' then
    select name into role_name from public.roles where id = new.role_id;

    if role_name = 'Medlem' then
      raise exception 'Standardrollen Medlem kan ikke tildeles nye privilegier.' using hint = 'MEMBER_ROLE_NOT_EXTENDABLE';
    end if;

    return new;
  end if;

  select name into role_name from public.roles where id = old.role_id;

  if role_name = 'Medlem' and old.name in ('read_news', 'read_tasks') then
    if tg_op = 'DELETE' then
      raise exception 'Standardrollen Medlems privilegier er faste og kan ikke fjernes.' using hint = 'MEMBER_ROLE_PRIVILEGES_FIXED_REMOVE';
    end if;
    if new.name is distinct from old.name then
      raise exception 'Standardrollen Medlems privilegier er faste og kan ikke omdøbes.' using hint = 'MEMBER_ROLE_PRIVILEGES_FIXED_RENAME';
    end if;
  end if;

  if tg_op = 'DELETE' then return old; end if;
  return new;
end;
$function$
"
function,prevent_direct_status_change_on_reserved_unit(),"CREATE OR REPLACE FUNCTION public.prevent_direct_status_change_on_reserved_unit()
 RETURNS trigger
 LANGUAGE plpgsql
 SECURITY DEFINER
 SET search_path TO 'public'
AS $function$
begin
  if new.status is distinct from old.status
     and exists (select 1 from public.task_material_units where unit_id = old.id)
     and coalesce(current_setting('ponos.bypass_unit_status_guard', true), 'off') <> 'on' then
    raise exception 'Enheden er reserveret til en opgave og kan ikke ændres direkte - brug opgavens frigivelse/afrapportering.'
      using hint = 'UNIT_LOCKED_BY_TASK_RESERVATION';
  end if;
  return new;
end;
$function$
"
function,prevent_non_admin_role_change_on_admin_membership(),"CREATE OR REPLACE FUNCTION public.prevent_non_admin_role_change_on_admin_membership()
 RETURNS trigger
 LANGUAGE plpgsql
 SECURITY DEFINER
 SET search_path TO 'public'
AS $function$
begin
  if coalesce(current_setting('ponos.bypass_admin_protection', true), 'false') = 'true' then
    return new;
  end if;

  if old.role_id is not null
     and public.role_has_privilege(old.role_id, 'admin')
     and not public.has_privilege('admin')
  then
    raise exception 'Du skal være administrator for at ændre en anden administrators rolle.' using hint = 'ADMIN_REQUIRED_CHANGE_ADMIN_ROLE';
  end if;

  if new.role_id is not null and public.role_has_privilege(new.role_id, 'admin') then
    if exists (
      select 1
      from public.memberships m
      where m.organisation_id = new.organisation_id
        and m.user_id <> new.user_id
        and m.role_id is not null
        and public.role_has_privilege(m.role_id, 'admin')
    ) then
      raise exception 'Organisationen har allerede en administrator - brug ""Giv admin-rollen videre"" i stedet.' using hint = 'ORG_ALREADY_HAS_ADMIN';
    end if;
  end if;

  return new;
end;
$function$
"
function,prevent_self_membership_role_change(),"CREATE OR REPLACE FUNCTION public.prevent_self_membership_role_change()
 RETURNS trigger
 LANGUAGE plpgsql
 SECURITY DEFINER
 SET search_path TO 'public'
AS $function$
begin
  if coalesce(current_setting('ponos.bypass_self_membership_role_change', true), 'false') = 'true' then
    return new;
  end if;

  if new.user_id = auth.uid() and new.role_id is distinct from old.role_id then
    raise exception 'Du kan ikke tildele dig selv en rolle.' using hint = 'CANNOT_ASSIGN_OWN_ROLE';
  end if;
  return new;
end;
$function$
"
function,prevent_self_role_org_change(),"CREATE OR REPLACE FUNCTION public.prevent_self_role_org_change()
 RETURNS trigger
 LANGUAGE plpgsql
 SECURITY DEFINER
 SET search_path TO 'public'
AS $function$
begin
  if new.id = auth.uid()
     and coalesce(current_setting('ponos.bypass_self_role_org_change', true), 'false') <> 'true' then
    if new.active_organisation_id is distinct from old.active_organisation_id then
      raise exception 'Du kan ikke ændre din aktive organisation direkte.' using hint = 'CANNOT_CHANGE_ACTIVE_ORG_DIRECTLY';
    end if;
  end if;
  return new;
end;
$function$
"
function,reassign_members_before_role_delete(),"CREATE OR REPLACE FUNCTION public.reassign_members_before_role_delete()
 RETURNS trigger
 LANGUAGE plpgsql
 SECURITY DEFINER
 SET search_path TO 'public'
AS $function$
declare
  v_default_role_id uuid;
begin
  select id into v_default_role_id
  from public.roles
  where organisation_id = old.organisation_id and name = 'Medlem';

  update public.memberships
    set role_id = v_default_role_id
    where role_id = old.id;

  return old;
end;
$function$
"
function,"reject_task_request(p_request_id uuid, p_reason text)","CREATE OR REPLACE FUNCTION public.reject_task_request(p_request_id uuid, p_reason text)
 RETURNS void
 LANGUAGE plpgsql
 SECURITY DEFINER
 SET search_path TO 'public'
AS $function$
declare
  v_org_id uuid := public.auth_profile_org();
  v_task_id uuid;
  v_status public.e_request_status;
  v_title text;
  v_reason text := nullif(trim(p_reason), '');
begin
  if v_org_id is null then
    raise exception 'Du er ikke medlem af en organisation.' using hint = 'NO_ACTIVE_ORG';
  end if;

  if not public.has_privilege_or_admin('reject_task') then
    raise exception 'Du har ikke rettigheder til at afvise opgaver.' using errcode = '42501', hint = 'NO_PRIV_REJECT_TASKS';
  end if;

  if v_reason is null then
    raise exception 'Du skal skrive en begrundelse for afvisningen.' using hint = 'REJECTION_REASON_REQUIRED';
  end if;

  if length(v_reason) > 500 then
    raise exception 'Begrundelsen må højst være 500 tegn.' using hint = 'REJECTION_REASON_TOO_LONG';
  end if;

  select r.task_id, r.status, t.title into v_task_id, v_status, v_title
  from public.task_requests r
  join public.tasks t on t.id = r.task_id
  where r.id = p_request_id and t.organisation_id = v_org_id
    and public.can_access_task_room(t.room_id);

  if v_task_id is null then
    raise exception 'Anmodningen findes ikke i din organisation.' using hint = 'TASK_REQUEST_NOT_FOUND';
  end if;

  if v_status <> 'Pending' then
    raise exception 'Anmodningen er allerede behandlet.' using hint = 'TASK_REQUEST_ALREADY_HANDLED';
  end if;

  -- Opgaven røres ikke - den forbliver InProgress. Materialerne røres
  -- heller ikke (2026-09-23) - de gemte material_outcomes bruges aldrig,
  -- enhederne forbliver Reserved/InUse, klar til en ny færdigmelding.
  update public.task_requests
     set status = 'Rejected', handled_by = auth.uid(), done_at = now(), rejection_reason = v_reason
   where id = p_request_id;

  insert into public.notifications (user_id, organisation_id, type, title, body, link, reference_id)
  select ta.user_id, v_org_id, 'task_rejected', 'Færdigmelding afvist', v_title || ': ' || v_reason, '/tasks?task=' || v_task_id, v_task_id
  from public.task_assignees ta
  where ta.task_id = v_task_id and ta.user_id <> auth.uid();
end;
$function$
"
function,"release_item_units(p_task_material_id uuid, p_outcomes jsonb)","CREATE OR REPLACE FUNCTION public.release_item_units(p_task_material_id uuid, p_outcomes jsonb DEFAULT NULL::jsonb)
 RETURNS void
 LANGUAGE plpgsql
 SECURITY DEFINER
 SET search_path TO 'public'
AS $function$
declare
  v_org_id uuid := public.auth_profile_org();
  v_task_id uuid;
begin
  if v_org_id is null then
    raise exception 'Du er ikke medlem af en organisation.' using hint = 'NO_ACTIVE_ORG';
  end if;

  select task_id into v_task_id
  from public.task_materials
  where id = p_task_material_id;

  if v_task_id is null or not exists (
    select 1 from public.tasks where id = v_task_id and organisation_id = v_org_id
  ) then
    raise exception 'Materiale-linjen findes ikke i din organisation.' using hint = 'TASK_MATERIAL_NOT_FOUND';
  end if;

  if not public.has_privilege_or_admin('update_tasks') then
    raise exception 'Du har ikke rettigheder til at frigive materialer på opgaver.'
      using errcode = '42501', hint = 'NO_PRIV_RELEASE_MATERIALS';
  end if;

  if p_outcomes is not null then
    if exists (
      select 1 from jsonb_array_elements(p_outcomes) as elem
      where elem->>'status' in ('Reserved', 'InUse')
    ) then
      raise exception 'Et frigivet materiale kan ikke have status Reserveret eller I brug.'
        using hint = 'RELEASE_STATUS_NOT_ALLOWED';
    end if;

    perform public.apply_task_material_outcomes(p_task_material_id, p_outcomes);
  end if;

  -- Uden udfald anvender triggeren release_units_on_task_material_delete
  -- fallback-reglen på de stadig linkede enheder.
  delete from public.task_materials where id = p_task_material_id;
end;
$function$
"
function,release_units_on_task_material_delete(),"CREATE OR REPLACE FUNCTION public.release_units_on_task_material_delete()
 RETURNS trigger
 LANGUAGE plpgsql
 SECURITY DEFINER
 SET search_path TO 'public'
AS $function$
declare
  v_unit_ids uuid[];
begin
  select array_agg(unit_id) into v_unit_ids
  from public.task_material_units
  where task_material_id = old.id;

  delete from public.task_material_units where task_material_id = old.id;

  update public.data_layer_item_units
     set status = 'Available'
   where id = any(v_unit_ids)
     and status in ('Reserved', 'InUse');

  return old;
end;
$function$
"
function,"remove_group_participant(p_conversation_id uuid, p_user_id uuid","CREATE OR REPLACE FUNCTION public.remove_group_participant(p_conversation_id uuid, p_user_id uuid)
 RETURNS void
 LANGUAGE plpgsql
 SECURITY DEFINER
 SET search_path TO 'public', 'pg_catalog'
AS $function$
declare
  v_caller_id uuid := auth.uid();
  v_caller_org uuid;
  v_conversation_org uuid;
  v_is_group boolean;
  v_is_system boolean;
  v_caller_name text;
  v_removed_name text;
  v_conversation_name text;
  v_deleted_count int;
begin
  if v_caller_id is null then
    raise exception 'Du skal være logget ind.' using hint = 'NOT_LOGGED_IN';
  end if;

  if p_conversation_id is null then
    raise exception 'Der skal angives en samtale.' using hint = 'CONVERSATION_REQUIRED';
  end if;

  if p_user_id is null then
    raise exception 'Der skal angives et medlem.' using hint = 'MEMBER_REQUIRED';
  end if;

  if p_user_id = v_caller_id then
    raise exception 'Du kan ikke fjerne dig selv fra gruppen.' using hint = 'CANNOT_REMOVE_SELF_FROM_GROUP';
  end if;

  select c.is_group, c.organisation_id, c.name, (c.task_id is not null or c.room_id is not null)
    into v_is_group, v_conversation_org, v_conversation_name, v_is_system
  from public.conversations c
  where c.id = p_conversation_id;

  if v_is_group is null then
    raise exception 'Samtalen findes ikke.' using hint = 'CONVERSATION_NOT_FOUND';
  end if;

  if not v_is_group then
    raise exception 'Der kan kun fjernes medlemmer fra gruppesamtaler.' using hint = 'REMOVE_MEMBERS_GROUP_ONLY';
  end if;

  if v_is_system then
    raise exception 'Gruppen styres automatisk af opgaven/rummet og kan ikke ændres manuelt.' using hint = 'SYSTEM_GROUP_LOCKED';
  end if;

  select p.active_organisation_id
    into v_caller_org
  from public.profiles p
  where p.id = v_caller_id;

  if v_caller_org is null or v_caller_org <> v_conversation_org then
    raise exception 'Du har ikke adgang til denne organisation.' using hint = 'NO_ORG_ACCESS';
  end if;

  if not public.is_conversation_participant(p_conversation_id, v_caller_id) then
    raise exception 'Du er ikke deltager i denne samtale.' using hint = 'NOT_CONVERSATION_PARTICIPANT';
  end if;

  if not public.is_conversation_participant(p_conversation_id, p_user_id) then
    raise exception 'Brugeren er ikke deltager i denne samtale.' using hint = 'USER_NOT_PARTICIPANT';
  end if;

  select concat_ws(' ', p.first_name, p.last_name)
    into v_removed_name
  from public.profiles p
  where p.id = p_user_id;

  select concat_ws(' ', p.first_name, p.last_name)
    into v_caller_name
  from public.profiles p
  where p.id = v_caller_id;

  delete from public.conversation_participants
  where conversation_id = p_conversation_id
    and user_id = p_user_id;

  get diagnostics v_deleted_count = row_count;

  if v_deleted_count > 0 then
    insert into public.messages (conversation_id, sender_id, content, message_type)
    values (
      p_conversation_id,
      v_caller_id,
      coalesce(v_removed_name, 'Et medlem')
        || ' blev fjernet fra gruppen ""'
        || coalesce(v_conversation_name, 'Ukendt gruppe')
        || '"" af '
        || coalesce(v_caller_name, 'et medlem') || '.',
      'system'
    );

    insert into public.notifications (user_id, organisation_id, type, title, body, link, reference_id)
    values (
      p_user_id,
      v_conversation_org,
      'message',
      coalesce(v_conversation_name, 'Gruppe'),
      'Du blev fjernet fra gruppen ""'
        || coalesce(v_conversation_name, 'Ukendt gruppe')
        || '"" af '
        || coalesce(v_caller_name, 'et medlem') || '.',
      '/beskeder',
      p_conversation_id
    );
  end if;
end;
$function$
"
function,remove_member(p_user_id uuid),"CREATE OR REPLACE FUNCTION public.remove_member(p_user_id uuid)
 RETURNS void
 LANGUAGE plpgsql
 SECURITY DEFINER
 SET search_path TO 'public'
AS $function$
declare
  v_caller_id uuid := auth.uid();
  v_org_id uuid;
  v_target_role_id uuid;
  v_target_is_admin boolean;
  v_next_org_id uuid;
begin
  if v_caller_id is null then
    raise exception 'Du skal være logget ind for at fjerne et medlem.' using hint = 'NOT_LOGGED_IN_REMOVE_MEMBER';
  end if;

  if p_user_id = v_caller_id then
    raise exception 'Du kan ikke fjerne dig selv - brug ""Forlad organisation"" i stedet.' using hint = 'CANNOT_REMOVE_SELF';
  end if;

  v_org_id := public.auth_profile_org();
  if v_org_id is null then
    raise exception 'Du er ikke medlem af en organisation.' using hint = 'NO_ACTIVE_ORG';
  end if;

  if not public.has_privilege_or_admin('delete_members') then
    raise exception 'Du har ikke rettigheder til at fjerne medlemmer.' using hint = 'NO_PRIV_REMOVE_MEMBERS';
  end if;

  select role_id into v_target_role_id
  from public.memberships
  where user_id = p_user_id and organisation_id = v_org_id;

  if not found then
    raise exception 'Brugeren er ikke medlem af organisationen.' using hint = 'USER_NOT_MEMBER';
  end if;

  v_target_is_admin := v_target_role_id is not null and exists (
    select 1 from public.privileges where role_id = v_target_role_id and name = 'admin'
  );
  if v_target_is_admin and not public.has_privilege('admin') then
    raise exception 'Du skal være administrator for at fjerne en anden administrator.' using hint = 'ADMIN_REQUIRED_REMOVE_ADMIN';
  end if;

  delete from public.memberships
  where user_id = p_user_id and organisation_id = v_org_id;

  select organisation_id into v_next_org_id
  from public.memberships
  where user_id = p_user_id
  order by created_at
  limit 1;

  update public.profiles
    set active_organisation_id = v_next_org_id
    where id = p_user_id and active_organisation_id = v_org_id;
end;
$function$
"
function,"rename_group_conversation(p_conversation_id uuid, p_name text)","CREATE OR REPLACE FUNCTION public.rename_group_conversation(p_conversation_id uuid, p_name text)
 RETURNS void
 LANGUAGE plpgsql
 SECURITY DEFINER
 SET search_path TO 'public'
AS $function$
declare
    v_caller_id uuid := auth.uid();
    v_is_group boolean;
    v_is_system boolean;
    v_old_name text;
    v_new_name text := btrim(p_name);
    v_caller_org uuid;
    v_conversation_org uuid;
begin
    if v_caller_id is null then
        raise exception 'Du skal være logget ind.' using hint = 'NOT_LOGGED_IN';
    end if;

    if v_new_name is null or v_new_name = '' then
        raise exception 'Gruppen skal have et navn.' using hint = 'GROUP_NAME_REQUIRED';
    end if;

    select is_group, name, organisation_id, (task_id is not null or room_id is not null)
    into v_is_group, v_old_name, v_conversation_org, v_is_system
    from conversations
    where id = p_conversation_id;

    if v_is_group is null then
        raise exception 'Samtalen findes ikke.' using hint = 'CONVERSATION_NOT_FOUND';
    end if;

    if not v_is_group then
        raise exception 'Der kan kun ændres navn på gruppesamtaler.' using hint = 'RENAME_GROUP_ONLY';
    end if;

    if v_is_system then
        raise exception 'Gruppen styres automatisk af opgaven/rummet og kan ikke ændres manuelt.' using hint = 'SYSTEM_GROUP_LOCKED';
    end if;

    if not exists (
        select 1
        from conversation_participants
        where conversation_id = p_conversation_id
          and user_id = v_caller_id
    ) then
        raise exception 'Du er ikke deltager i denne samtale.' using hint = 'NOT_CONVERSATION_PARTICIPANT';
    end if;

    select active_organisation_id
    into v_caller_org
    from profiles
    where id = v_caller_id;

    if v_caller_org is null or v_caller_org is distinct from v_conversation_org then
        raise exception 'Du har ikke adgang til denne samtale.' using hint = 'NO_CONVERSATION_ACCESS';
    end if;

    if v_old_name is not distinct from v_new_name then
        return;
    end if;

    update conversations
    set name = v_new_name
    where id = p_conversation_id;

    insert into messages (conversation_id, sender_id, content, message_type)
    values (
        p_conversation_id,
        v_caller_id,
        'Gruppens navn blev ændret til ''' || v_new_name || '''.',
        'system'
    );
end;
$function$
"
function,"reserve_item_units(p_task_id uuid, p_item_id uuid, p_quantity n","CREATE OR REPLACE FUNCTION public.reserve_item_units(p_task_id uuid, p_item_id uuid, p_quantity numeric, p_location_id uuid DEFAULT NULL::uuid, p_restrict_location boolean DEFAULT false)
 RETURNS uuid
 LANGUAGE plpgsql
 SECURITY DEFINER
 SET search_path TO 'public'
AS $function$
declare
  v_org_id uuid := public.auth_profile_org();
  v_task_status public.e_task_status;
  v_task_material_id uuid;
  v_unit record;
  v_remaining numeric := p_quantity;
  v_take numeric;
  v_unit_id uuid;
begin
  if v_org_id is null then
    raise exception 'Du er ikke medlem af en organisation.' using hint = 'NO_ACTIVE_ORG';
  end if;

  if p_quantity is null or p_quantity <= 0 then
    raise exception 'Mængden skal være større end 0.' using hint = 'INVALID_QUANTITY';
  end if;

  select status into v_task_status
  from public.tasks
  where id = p_task_id and organisation_id = v_org_id;

  if v_task_status is null then
    raise exception 'Opgaven findes ikke i din organisation.' using hint = 'TASK_NOT_FOUND';
  end if;

  if not exists (select 1 from public.data_layer_items where id = p_item_id and organisation_id = v_org_id) then
    raise exception 'Item findes ikke i din organisation.' using hint = 'ITEM_NOT_FOUND';
  end if;

  if not public.has_privilege_or_admin('update_tasks') then
    raise exception 'Du har ikke rettigheder til at reservere materialer på opgaver.'
      using errcode = '42501', hint = 'NO_PRIV_RESERVE_MATERIALS';
  end if;

  insert into public.task_materials (task_id, item_id, quantity)
  values (p_task_id, p_item_id, p_quantity)
  returning id into v_task_material_id;

  for v_unit in
    select id, quantity
    from public.data_layer_item_units
    where item_id = p_item_id
      and status = 'Available'
      and (not p_restrict_location or location_id is not distinct from p_location_id)
    order by created_at
    for update skip locked
  loop
    exit when v_remaining <= 0;

    v_take := least(v_unit.quantity, v_remaining);
    v_unit_id := public.split_unit_if_needed(v_unit.id, v_take);

    update public.data_layer_item_units
       set status = (case when v_task_status = 'InProgress' then 'InUse' else 'Reserved' end)::public.e_item_status
     where id = v_unit_id;

    insert into public.task_material_units (task_material_id, unit_id)
    values (v_task_material_id, v_unit_id);

    v_remaining := v_remaining - v_take;
  end loop;

  if v_remaining > 0 then
    raise exception 'Der er ikke nok ledigt lager (mangler %).', v_remaining
      using hint = 'INSUFFICIENT_AVAILABLE_QUANTITY';
  end if;

  return v_task_material_id;
end;
$function$
"
function,"reset_password_prototype(p_email text, p_first_name text, p_las","CREATE OR REPLACE FUNCTION public.reset_password_prototype(p_email text, p_first_name text, p_last_name text, p_new_password text)
 RETURNS void
 LANGUAGE plpgsql
 SECURITY DEFINER
 SET search_path TO 'public', 'extensions'
AS $function$
declare v_user_id uuid;
begin
  if length(p_new_password) < 6 then
    raise exception 'Adgangskoden skal være mindst 6 tegn.' using hint = 'PASSWORD_TOO_SHORT';
  end if;

  select id into v_user_id
  from public.profiles
  where lower(email)      = lower(trim(p_email))
    and lower(first_name) = lower(trim(p_first_name))
    and lower(last_name)  = lower(trim(p_last_name));

  -- Én samlet fejl: afslører hverken om emailen findes, eller hvilket
  -- felt der ikke passede.
  if v_user_id is null then
    raise exception 'Oplysningerne passer ikke på en konto.' using hint = 'RESET_DETAILS_NO_MATCH';
  end if;

  update auth.users
  set encrypted_password = crypt(p_new_password, gen_salt('bf', 10)),
      updated_at = now()
  where id = v_user_id;
end;
$function$
"
function,"resolve_task_material_units(p_task_material_id uuid, p_outcomes","CREATE OR REPLACE FUNCTION public.resolve_task_material_units(p_task_material_id uuid, p_outcomes jsonb)
 RETURNS void
 LANGUAGE plpgsql
 SECURITY DEFINER
 SET search_path TO 'public'
AS $function$
declare
  v_org_id uuid := public.auth_profile_org();
  v_task_id uuid;
begin
  if v_org_id is null then
    raise exception 'Du er ikke medlem af en organisation.' using hint = 'NO_ACTIVE_ORG';
  end if;

  select task_id into v_task_id
  from public.task_materials
  where id = p_task_material_id;

  if v_task_id is null or not exists (
    select 1 from public.tasks where id = v_task_id and organisation_id = v_org_id
  ) then
    raise exception 'Materiale-linjen findes ikke i din organisation.' using hint = 'TASK_MATERIAL_NOT_FOUND';
  end if;

  if not public.has_privilege_or_admin('update_tasks') then
    raise exception 'Du har ikke rettigheder til at afrapportere materialer på opgaver.'
      using errcode = '42501', hint = 'NO_PRIV_RESOLVE_MATERIALS';
  end if;

  perform public.apply_task_material_outcomes(p_task_material_id, p_outcomes);
end;
$function$
"
function,"role_has_privilege(p_role_id uuid, p_name text)","CREATE OR REPLACE FUNCTION public.role_has_privilege(p_role_id uuid, p_name text)
 RETURNS boolean
 LANGUAGE sql
 STABLE SECURITY DEFINER
 SET search_path TO 'public'
AS $function$
  select exists (
    select 1 from public.privileges where role_id = p_role_id and name = p_name
  );
$function$
"
function,"save_statistics_snapshot(p_start timestamp with time zone, p_en","CREATE OR REPLACE FUNCTION public.save_statistics_snapshot(p_start timestamp with time zone, p_end timestamp with time zone, p_label text, p_tz text)
 RETURNS uuid
 LANGUAGE plpgsql
 SECURITY DEFINER
 SET search_path TO 'public'
AS $function$
declare
  v_org uuid := public.auth_profile_org();
  v_payload jsonb;
  v_start timestamptz;
  v_end timestamptz;
  v_id uuid;
begin
  if v_org is null then
    raise exception 'Du er ikke medlem af en organisation.' using hint = 'NO_ACTIVE_ORG';
  end if;

  if not public.has_privilege_or_admin('create_statistics') then
    raise exception 'Du har ikke rettigheder til at gemme statistik.' using errcode = '42501', hint = 'NO_PRIV_CREATE_STATISTICS';
  end if;

  if p_start is not null and p_end is not null and p_end <= p_start then
    raise exception 'Slutdatoen skal ligge efter startdatoen.' using hint = 'INVALID_PERIOD';
  end if;

  v_payload := public.statistics_payload(v_org, p_start, p_end, 'month', p_tz);

  v_end := coalesce(p_end, now());
  v_start := coalesce(
    p_start,
    (select min(created_at) from public.tasks where organisation_id = v_org),
    v_end
  );

  insert into public.statistics_snapshots (organisation_id, period_start, period_end, label)
  values (v_org, v_start, v_end, nullif(trim(p_label), ''))
  returning id into v_id;

  insert into public.statistics_values (snapshot_id, name, value)
  -- KPI'er
  select v_id, 'tasks_created', (v_payload->'kpis'->>'created')::numeric
  union all select v_id, 'tasks_completed', (v_payload->'kpis'->>'completed')::numeric
  union all select v_id, 'tasks_active', (v_payload->'kpis'->>'active')::numeric
  union all select v_id, 'tasks_overdue', (v_payload->'kpis'->>'overdue')::numeric
  union all select v_id, 'members', (v_payload->'kpis'->>'members')::numeric
  union all select v_id, 'members_with_task_activity', (v_payload->'kpis'->>'membersWithTaskActivity')::numeric
  -- Fordelinger
  union all
  select v_id, 'task_status:' || (x->>'status'), (x->>'count')::numeric
  from jsonb_array_elements(v_payload->'taskStatus') x
  union all
  select v_id, 'task_priority:' || coalesce(x->>'priority', ''), (x->>'count')::numeric
  from jsonb_array_elements(v_payload->'taskPriority') x
  union all
  select v_id, 'room:' || coalesce(x->>'name', ''), (x->>'total')::numeric
  from jsonb_array_elements(v_payload->'taskRooms') x
  union all
  select v_id, 'member_load:' || (x->>'bucket'), (x->>'count')::numeric
  from jsonb_array_elements(v_payload->'memberLoad') x
  -- Godkendelser
  union all select v_id, 'approvals:pending', (v_payload->'approvals'->>'pending')::numeric
  union all select v_id, 'approvals:accepted', (v_payload->'approvals'->>'accepted')::numeric
  union all select v_id, 'approvals:rejected', (v_payload->'approvals'->>'rejected')::numeric
  union all
  select v_id, 'approvals_rate', (v_payload->'approvals'->>'rate')::numeric
  where v_payload->'approvals'->>'rate' is not null
  union all
  select v_id, 'approvals_median_hours', (v_payload->'approvals'->>'medianHours')::numeric
  where v_payload->'approvals'->>'medianHours' is not null
  -- Materialer
  union all
  select v_id, 'item_status:' || (x->>'status'), (x->>'count')::numeric
  from jsonb_array_elements(v_payload->'materials'->'byStatus') x
  union all
  select v_id, 'category:' || (x->>'title'), (x->>'count')::numeric
  from jsonb_array_elements(v_payload->'materials'->'byCategory') x
  union all
  select v_id, 'top_material:' || (x->>'name'), (x->>'quantity')::numeric
  from jsonb_array_elements(v_payload->'materials'->'topUsed') x;

  return v_id;
end;
$function$
"
function,set_active_organisation(p_organisation_id uuid),"CREATE OR REPLACE FUNCTION public.set_active_organisation(p_organisation_id uuid)
 RETURNS void
 LANGUAGE plpgsql
 SECURITY DEFINER
 SET search_path TO 'public'
AS $function$
declare
  v_user_id uuid := auth.uid();
begin
  if v_user_id is null then
    raise exception 'Du skal være logget ind for at skifte organisation.' using hint = 'NOT_LOGGED_IN_SWITCH_ORG';
  end if;

  if not exists (
    select 1 from public.memberships
    where user_id = v_user_id and organisation_id = p_organisation_id
  ) then
    raise exception 'Du er ikke medlem af denne organisation.' using hint = 'NOT_MEMBER_OF_ORG';
  end if;

  perform set_config('ponos.bypass_self_role_org_change', 'true', true);

  update public.profiles
    set active_organisation_id = p_organisation_id
    where id = v_user_id;
end;
$function$
"
function,set_task_assignee_assigned_by(),"CREATE OR REPLACE FUNCTION public.set_task_assignee_assigned_by()
 RETURNS trigger
 LANGUAGE plpgsql
 SET search_path TO 'public'
AS $function$
begin
  if auth.uid() is not null then
    new.assigned_by := auth.uid();
  end if;
  return new;
end;
$function$
"
function,"set_task_chat_choice(p_conversation_id uuid, p_choice text)","CREATE OR REPLACE FUNCTION public.set_task_chat_choice(p_conversation_id uuid, p_choice text)
 RETURNS void
 LANGUAGE plpgsql
 SECURITY DEFINER
 SET search_path TO 'public'
AS $function$
declare
  v_task_id uuid;
  v_task_status public.e_task_status;
begin
  if auth.uid() is null then
    raise exception 'Du skal være logget ind.' using hint = 'NOT_LOGGED_IN';
  end if;

  if p_choice is null or p_choice not in ('keep', 'close') then
    raise exception 'Ugyldigt valg.' using hint = 'INVALID_CHAT_CHOICE';
  end if;

  select c.task_id, t.status into v_task_id, v_task_status
  from public.conversations c
  left join public.tasks t on t.id = c.task_id
  where c.id = p_conversation_id;

  if v_task_id is null then
    raise exception 'Samtalen er ikke en opgave-chat.' using hint = 'NOT_TASK_CHAT';
  end if;

  if not public.is_conversation_participant(p_conversation_id, auth.uid()) then
    raise exception 'Du er ikke deltager i denne samtale.' using hint = 'NOT_CONVERSATION_PARTICIPANT';
  end if;

  if v_task_status is distinct from 'Completed' then
    raise exception 'Du kan først vælge, når opgaven er afsluttet.' using hint = 'TASK_NOT_COMPLETED';
  end if;

  update public.conversation_participants
     set completion_choice = p_choice
   where conversation_id = p_conversation_id
     and user_id = auth.uid();

  perform public.sync_task_conversation_archive(p_conversation_id);
end;
$function$
"
function,"set_task_status(p_task_id uuid, p_status text)","CREATE OR REPLACE FUNCTION public.set_task_status(p_task_id uuid, p_status text)
 RETURNS void
 LANGUAGE plpgsql
 SECURITY DEFINER
 SET search_path TO 'public'
AS $function$
declare
  v_org_id uuid := public.auth_profile_org();
  v_is_assignee boolean;
begin
  if v_org_id is null then
    raise exception 'Du er ikke medlem af en organisation.' using hint = 'NO_ACTIVE_ORG';
  end if;

  if not exists (select 1 from public.tasks where id = p_task_id and organisation_id = v_org_id) then
    raise exception 'Opgaven findes ikke i din organisation.' using hint = 'TASK_NOT_FOUND';
  end if;

  v_is_assignee := exists (
    select 1 from public.task_assignees where task_id = p_task_id and user_id = auth.uid()
  );

  if not (v_is_assignee or public.has_privilege_or_admin('update_tasks')) then
    raise exception 'Du har ikke rettigheder til at ændre denne opgaves status.' using hint = 'NO_PRIV_SET_TASK_STATUS';
  end if;

  if p_status = 'Completed' then
    perform public.assert_task_materials_resolved(p_task_id);
  end if;

  update public.tasks
     set status = p_status::public.e_task_status,
         finished_at = case when p_status = 'Completed' then now() else null end
   where id = p_task_id;

  if p_status = 'InProgress' then
    perform set_config('ponos.bypass_unit_status_guard', 'on', true);

    update public.data_layer_item_units u
       set status = 'InUse'
     where u.status = 'Reserved'
       and u.id in (
         select tmu.unit_id
         from public.task_material_units tmu
         join public.task_materials tm on tm.id = tmu.task_material_id
         where tm.task_id = p_task_id
       );

    perform set_config('ponos.bypass_unit_status_guard', 'off', true);
  end if;
end;
$function$
"
function,skip_muted_notification(),"CREATE OR REPLACE FUNCTION public.skip_muted_notification()
 RETURNS trigger
 LANGUAGE plpgsql
 SECURITY DEFINER
 SET search_path TO 'public'
AS $function$
begin
  if exists (
    select 1
    from notification_preferences p
    where p.user_id = new.user_id
      and (not p.enabled or new.type = any(p.muted_types))
  ) then
    return null;
  end if;

  return new;
end;
$function$
"
function,"split_unit_if_needed(p_unit_id uuid, p_needed numeric)","CREATE OR REPLACE FUNCTION public.split_unit_if_needed(p_unit_id uuid, p_needed numeric)
 RETURNS uuid
 LANGUAGE plpgsql
 SECURITY DEFINER
 SET search_path TO 'public'
AS $function$
declare
  v_unit public.data_layer_item_units;
  v_new_id uuid;
begin
  select * into v_unit from public.data_layer_item_units where id = p_unit_id;

  if v_unit.id is null then
    raise exception 'Enheden findes ikke.' using hint = 'UNIT_NOT_FOUND';
  end if;

  if v_unit.organisation_id <> public.auth_profile_org() then
    raise exception 'Enheden tilhører ikke din organisation.' using hint = 'UNIT_ORG_MISMATCH';
  end if;

  if v_unit.quantity = p_needed and v_unit.contents_total is null then
    return v_unit.id;
  end if;

  update public.data_layer_item_units
     set quantity = quantity - p_needed
   where id = p_unit_id;

  insert into public.data_layer_item_units
    (organisation_id, item_id, location_id, quantity, status)
  values
    (v_unit.organisation_id, v_unit.item_id, v_unit.location_id, p_needed, v_unit.status)
  returning id into v_new_id;

  return v_new_id;
end;
$function$
"
function,"statistics_payload(p_org uuid, p_start timestamp with time zone","CREATE OR REPLACE FUNCTION public.statistics_payload(p_org uuid, p_start timestamp with time zone, p_end timestamp with time zone, p_granularity text, p_tz text)
 RETURNS jsonb
 LANGUAGE plpgsql
 STABLE SECURITY DEFINER
 SET search_path TO 'public'
AS $function$
declare
  v_s timestamptz := coalesce(p_start, '-infinity'::timestamptz);
  v_e timestamptz := coalesce(p_end, 'infinity'::timestamptz);
  v_step interval;
  v_from timestamp;
  v_to timestamp;
  v_kpis jsonb;
  v_task_status jsonb;
  v_task_priority jsonb;
  v_task_rooms jsonb;
  v_member_load jsonb;
  v_development jsonb := '[]'::jsonb;
  v_approvals jsonb;
  v_by_status jsonb;
  v_by_category jsonb;
  v_top_used jsonb;
begin
  if p_granularity not in ('hour', 'day', 'week', 'month') then
    raise exception 'Ugyldig granularitet: %', p_granularity using hint = 'INVALID_GRANULARITY';
  end if;

  -- Fejler med en tydelig fejl, hvis tidszonen er ugyldig.
  perform now() at time zone p_tz;

  v_step := ('1 ' || p_granularity)::interval;

  -- KPI'er ------------------------------------------------------------
  with t as (
    select * from public.tasks where organisation_id = p_org
  ),
  relevant as (
    select id from t
    where (created_at >= v_s and created_at < v_e)
       or (coalesce(start_date, created_at) < v_e
           and (status = 'InProgress' or (status = 'Completed' and finished_at >= v_s)))
  ),
  active_members as (
    select distinct ta.user_id
    from public.task_assignees ta
    join relevant r on r.id = ta.task_id
    join public.memberships m on m.user_id = ta.user_id and m.organisation_id = p_org
  )
  select jsonb_build_object(
    'created',   (select count(*) from t where created_at >= v_s and created_at < v_e),
    'completed', (select count(*) from t where status = 'Completed' and finished_at >= v_s and finished_at < v_e),
    'active',    (select count(*) from t
                  where coalesce(start_date, created_at) < v_e
                    and (status = 'InProgress' or (status = 'Completed' and finished_at >= v_s))),
    'overdue',   (select count(*) from t
                  where status <> 'Completed' and end_date < now()
                    and end_date >= v_s and end_date < v_e),
    'members',   (select count(*) from public.memberships where organisation_id = p_org),
    'membersWithTaskActivity', (select count(*) from active_members)
  ) into v_kpis;

  -- Status for opgaver oprettet i perioden (alle enum-værdier, også 0) -
  select coalesce(jsonb_agg(jsonb_build_object('status', s.status, 'count', coalesce(c.n, 0)) order by s.ord), '[]'::jsonb)
  into v_task_status
  from unnest(enum_range(null::public.e_task_status)) with ordinality as s(status, ord)
  left join (
    select status, count(*) as n
    from public.tasks
    where organisation_id = p_org and created_at >= v_s and created_at < v_e
    group by status
  ) c on c.status = s.status;

  -- Prioritet (null = ingen prioritet) --------------------------------
  select coalesce(jsonb_agg(jsonb_build_object('priority', p.priority, 'count', coalesce(c.n, 0)) order by p.ord), '[]'::jsonb)
  into v_task_priority
  from (
    select priority, ord from unnest(enum_range(null::public.e_task_priority)) with ordinality as e(priority, ord)
    union all
    select null::public.e_task_priority, 1000
  ) p
  left join (
    select priority, count(*) as n
    from public.tasks
    where organisation_id = p_org and created_at >= v_s and created_at < v_e
    group by priority
  ) c on c.priority is not distinct from p.priority
  where p.priority is not null or coalesce(c.n, 0) > 0;

  -- Rum (alle rum, også rolle-låste; null = uden rum) -----------------
  select coalesce(jsonb_agg(x order by (x->>'total')::int desc, x->>'name'), '[]'::jsonb)
  into v_task_rooms
  from (
    select jsonb_build_object(
      'roomId', t.room_id,
      'name', r.name,
      'total', count(*),
      'completed', count(*) filter (where t.status = 'Completed'),
      'open', count(*) filter (where t.status <> 'Completed')
    ) as x
    from public.tasks t
    left join public.task_rooms r on r.id = t.room_id and r.organisation_id = p_org
    where t.organisation_id = p_org and t.created_at >= v_s and t.created_at < v_e
    group by t.room_id, r.name
  ) rooms;

  -- Anonym belastning: medlemmer pr. interval af relevante opgaver -----
  with relevant as (
    select id from public.tasks
    where organisation_id = p_org
      and ((created_at >= v_s and created_at < v_e)
        or (coalesce(start_date, created_at) < v_e
            and (status = 'InProgress' or (status = 'Completed' and finished_at >= v_s))))
  ),
  per_member as (
    select m.user_id, count(r.id) as n
    from public.memberships m
    left join public.task_assignees ta on ta.user_id = m.user_id
    left join relevant r on r.id = ta.task_id
    where m.organisation_id = p_org
    group by m.user_id
  ),
  buckets(bucket, lo, hi, ord) as (
    values ('0', 0, 0, 1), ('1-3', 1, 3, 2), ('4-6', 4, 6, 3), ('7+', 7, null, 4)
  )
  select jsonb_agg(jsonb_build_object(
           'bucket', b.bucket,
           'count', (select count(*) from per_member pm where pm.n >= b.lo and (b.hi is null or pm.n <= b.hi))
         ) order by b.ord)
  into v_member_load
  from buckets b;

  -- Tidsserie (0-fyldt) -----------------------------------------------
  if p_start is not null and p_end is not null then
    v_from := date_trunc(p_granularity, p_start at time zone p_tz);
    v_to   := date_trunc(p_granularity, (p_end - interval '1 microsecond') at time zone p_tz);
  else
    select date_trunc(p_granularity, min(least(created_at, coalesce(finished_at, created_at))) at time zone p_tz)
    into v_from
    from public.tasks
    where organisation_id = p_org;

    v_to := date_trunc(p_granularity, coalesce(p_end, now()) at time zone p_tz);

    if p_start is not null then
      v_from := date_trunc(p_granularity, p_start at time zone p_tz);
    end if;
  end if;

  if v_from is not null and v_from <= v_to then
    select coalesce(jsonb_agg(jsonb_build_object(
             'bucket', to_char(g.b, 'YYYY-MM-DD""T""HH24:MI'),
             'created', coalesce(c.n, 0),
             'completed', coalesce(f.n, 0)
           ) order by g.b), '[]'::jsonb)
    into v_development
    from generate_series(v_from, v_to, v_step) as g(b)
    left join (
      select date_trunc(p_granularity, created_at at time zone p_tz) as b, count(*) as n
      from public.tasks
      where organisation_id = p_org and created_at >= v_s and created_at < v_e
      group by 1
    ) c on c.b = g.b
    left join (
      select date_trunc(p_granularity, finished_at at time zone p_tz) as b, count(*) as n
      from public.tasks
      where organisation_id = p_org and status = 'Completed'
        and finished_at >= v_s and finished_at < v_e
      group by 1
    ) f on f.b = g.b;
  end if;

  -- Godkendelser --------------------------------------------------------
  with r as (
    select tr.status, tr.requested_at, tr.done_at
    from public.task_requests tr
    join public.tasks t on t.id = tr.task_id
    where t.organisation_id = p_org
      and tr.requested_at >= v_s and tr.requested_at < v_e
  ),
  agg as (
    select
      count(*) filter (where status = 'Pending')  as pending,
      count(*) filter (where status = 'Accepted') as accepted,
      count(*) filter (where status = 'Rejected') as rejected,
      percentile_cont(0.5) within group (order by extract(epoch from done_at - requested_at))
        filter (where status <> 'Pending' and done_at is not null) as median_seconds
    from r
  )
  select jsonb_build_object(
    'pending', pending,
    'accepted', accepted,
    'rejected', rejected,
    'rate', case when accepted + rejected > 0
                 then round(accepted::numeric * 100 / (accepted + rejected), 1)
            end,
    'medianHours', case when median_seconds is not null
                        then round((median_seconds / 3600)::numeric, 1)
                   end
  ) into v_approvals
  from agg;

  -- Materialer: enhedsrækker pr. status (nutid, alle statusser) --------
  select coalesce(jsonb_agg(jsonb_build_object('status', s.status, 'count', coalesce(c.n, 0)) order by s.ord), '[]'::jsonb)
  into v_by_status
  from unnest(enum_range(null::public.e_item_status)) with ordinality as s(status, ord)
  left join (
    select status, count(*) as n
    from public.data_layer_item_units
    where organisation_id = p_org
    group by status
  ) c on c.status = s.status;

  -- Materialer: items pr. topkategori (nutid) ---------------------------
  with recursive tree as (
    select id, id as root_id
    from public.data_layer_categories
    where organisation_id = p_org and parent_category_id is null
    union all
    select c.id, tree.root_id
    from public.data_layer_categories c
    join tree on c.parent_category_id = tree.id
    where c.organisation_id = p_org
  )
  select coalesce(jsonb_agg(jsonb_build_object('categoryId', x.id, 'title', x.title, 'count', x.n)
                            order by x.n desc, x.rank, x.title), '[]'::jsonb)
  into v_by_category
  from (
    select root.id, root.title, root.rank, count(i.id) as n
    from public.data_layer_categories root
    left join tree on tree.root_id = root.id
    left join public.data_layer_items i on i.category_id = tree.id and i.organisation_id = p_org
    where root.organisation_id = p_org and root.parent_category_id is null
    group by root.id, root.title, root.rank
  ) x;

  -- Materialer: top 5 mest brugte på opgaver oprettet i perioden -------
  select coalesce(jsonb_agg(x order by (x->>'quantity')::numeric desc, x->>'name'), '[]'::jsonb)
  into v_top_used
  from (
    select jsonb_build_object(
      'itemId', i.id,
      'name', i.name,
      'unit', i.unit_of_measurement,
      'quantity', sum(tm.quantity)
    ) as x
    from public.task_materials tm
    join public.tasks t on t.id = tm.task_id
    join public.data_layer_items i on i.id = tm.item_id
    where t.organisation_id = p_org
      and i.organisation_id = p_org
      and t.created_at >= v_s and t.created_at < v_e
    group by i.id, i.name, i.unit_of_measurement
    order by sum(tm.quantity) desc, i.name
    limit 5
  ) top;

  return jsonb_build_object(
    'kpis', v_kpis,
    'taskStatus', v_task_status,
    'taskPriority', v_task_priority,
    'taskRooms', v_task_rooms,
    'memberLoad', v_member_load,
    'taskDevelopment', v_development,
    'approvals', v_approvals,
    'materials', jsonb_build_object(
      'byStatus', v_by_status,
      'byCategory', v_by_category,
      'topUsed', v_top_used
    )
  );
end;
$function$
"
function,sync_item_organisation(),"CREATE OR REPLACE FUNCTION public.sync_item_organisation()
 RETURNS trigger
 LANGUAGE plpgsql
 SECURITY DEFINER
 SET search_path TO 'public'
AS $function$
begin
  select organisation_id into new.organisation_id
  from public.data_layer_categories
  where id = new.category_id;
  return new;
end;
$function$
"
function,sync_item_unit_organisation(),"CREATE OR REPLACE FUNCTION public.sync_item_unit_organisation()
 RETURNS trigger
 LANGUAGE plpgsql
 SECURITY DEFINER
 SET search_path TO 'public'
AS $function$
begin
  select organisation_id into new.organisation_id
  from public.data_layer_items
  where id = new.item_id;
  return new;
end;
$function$
"
function,sync_membership_invitation_notification(),"CREATE OR REPLACE FUNCTION public.sync_membership_invitation_notification()
 RETURNS trigger
 LANGUAGE plpgsql
 SECURITY DEFINER
 SET search_path TO 'public'
AS $function$
begin
  if tg_op = 'DELETE' then
    delete from notifications
    where type = 'membership_invitation' and reference_id = old.id;
    return old;
  end if;

  if new.status <> 'Pending' and old.status = 'Pending' then
    update notifications
      set is_read = true
      where type = 'membership_invitation' and reference_id = new.id;
  end if;

  return new;
end;
$function$
"
function,sync_room_conversation(p_room_id uuid),"CREATE OR REPLACE FUNCTION public.sync_room_conversation(p_room_id uuid)
 RETURNS void
 LANGUAGE plpgsql
 SECURITY DEFINER
 SET search_path TO 'public'
AS $function$
declare
  v_room public.task_rooms;
  v_conversation_id uuid;
  v_closed_at timestamptz;
  v_created_by uuid;
  v_actor uuid;
begin
  perform pg_advisory_xact_lock(hashtextextended('room_conversation:' || p_room_id::text, 0));

  select * into v_room from public.task_rooms where id = p_room_id;
  if v_room.id is null then
    return;
  end if;

  select id, closed_at, created_by into v_conversation_id, v_closed_at, v_created_by
  from public.conversations
  where room_id = p_room_id;

  -- Åbent rum (ingen roller): ingen chat; en eksisterende bliver skrivebeskyttet.
  if not exists (select 1 from public.task_room_roles where room_id = p_room_id) then
    if v_conversation_id is not null and v_closed_at is null then
      update public.conversations set closed_at = now() where id = v_conversation_id;

      insert into public.messages (conversation_id, sender_id, content, message_type)
      values (v_conversation_id, coalesce(auth.uid(), v_created_by),
              'Rummet er ikke længere rolle-låst - chatten er lukket', 'system');
    end if;
    return;
  end if;

  if v_conversation_id is null then
    v_actor := coalesce(
      auth.uid(),
      (select m.user_id
       from public.memberships m
       join public.task_room_roles trr on trr.role_id = m.role_id
       where trr.room_id = p_room_id and m.organisation_id = v_room.organisation_id
       order by m.created_at
       limit 1)
    );

    if v_actor is null then
      return; -- ingen at oprette chatten for endnu.
    end if;

    insert into public.conversations (organisation_id, is_group, name, created_by, room_id)
    values (v_room.organisation_id, true, v_room.name, v_actor, p_room_id)
    returning id into v_conversation_id;

    insert into public.messages (conversation_id, sender_id, content, message_type)
    values (v_conversation_id, v_actor, 'Gruppe oprettet for rummet', 'system');
  else
    v_actor := coalesce(auth.uid(), v_created_by);

    if v_closed_at is not null then
      update public.conversations set closed_at = null where id = v_conversation_id;

      insert into public.messages (conversation_id, sender_id, content, message_type)
      values (v_conversation_id, v_actor, 'Rummet er rolle-låst igen - chatten er genåbnet', 'system');
    end if;

    update public.conversations
       set name = v_room.name
     where id = v_conversation_id
       and name is distinct from v_room.name;
  end if;

  -- Medlemmer med en af rummets roller, undtagen dem der selv har forladt
  -- chatten. Admins/view_all_task_rooms tilføjes ikke automatisk, men kan
  -- selv melde sig ind (get_or_join_room_conversation) og fjernes ikke
  -- herunder, da de stadig har adgang.
  insert into public.conversation_participants (conversation_id, user_id)
  select distinct v_conversation_id, m.user_id
  from public.memberships m
  join public.task_room_roles trr on trr.role_id = m.role_id
  where trr.room_id = p_room_id
    and m.organisation_id = v_room.organisation_id
    and (public.role_has_privilege(m.role_id, 'read_tasks') or public.role_has_privilege(m.role_id, 'admin'))
    and not exists (
      select 1 from public.conversation_opt_outs o
      where o.conversation_id = v_conversation_id and o.user_id = m.user_id
    )
  on conflict (conversation_id, user_id) do nothing;

  delete from public.conversation_participants cp
  where cp.conversation_id = v_conversation_id
    and not public.member_can_access_room(cp.user_id, p_room_id);

  -- Mistet rum-adgang: fravalget glemmes, så ny adgang melder ind igen.
  delete from public.conversation_opt_outs o
  where o.conversation_id = v_conversation_id
    and not public.member_can_access_room(o.user_id, p_room_id);

  update public.conversations c
     set archived_at = null, archived_by = null
   where c.id = v_conversation_id
     and c.archived_at is not null
     and exists (select 1 from public.conversation_participants cp where cp.conversation_id = c.id);
end;
$function$
"
function,sync_status_from_contents(),"CREATE OR REPLACE FUNCTION public.sync_status_from_contents()
 RETURNS trigger
 LANGUAGE plpgsql
 SECURITY DEFINER
 SET search_path TO 'public'
AS $function$
begin
  if new.contents_total is not null and new.contents_remaining is not null then
    if new.contents_remaining <= 0 then
      if new.contents_empty_status is not null then
        new.status := new.contents_empty_status;
      end if;
    elsif new.contents_remaining < new.contents_total then
      if new.contents_partial_status is not null then
        new.status := new.contents_partial_status;
      end if;
    else
      if new.contents_full_status is not null then
        new.status := new.contents_full_status;
      end if;
    end if;
  elsif new.contents_total is not null and new.contents_remaining is null then
    if new.quantity <= 0 then
      if new.contents_empty_status is not null then
        new.status := new.contents_empty_status;
      end if;
    elsif new.quantity < new.contents_total then
      if new.contents_partial_status is not null then
        new.status := new.contents_partial_status;
      end if;
    else
      if new.contents_full_status is not null then
        new.status := new.contents_full_status;
      end if;
    end if;
  end if;
  return new;
end;
$function$
"
function,sync_task_conversation(p_task_id uuid),"CREATE OR REPLACE FUNCTION public.sync_task_conversation(p_task_id uuid)
 RETURNS void
 LANGUAGE plpgsql
 SECURITY DEFINER
 SET search_path TO 'public'
AS $function$
declare
  v_task public.tasks;
  v_conversation_id uuid;
  v_actor uuid;
begin
  perform pg_advisory_xact_lock(hashtextextended('task_conversation:' || p_task_id::text, 0));

  select * into v_task from public.tasks where id = p_task_id;
  if v_task.id is null then
    return; -- opgaven slettes (cascade) - chatten følger med via FK.
  end if;

  select id into v_conversation_id from public.conversations where task_id = p_task_id;

  if v_conversation_id is null then
    if (select count(*) from public.task_assignees where task_id = p_task_id) < 2 then
      return;
    end if;

    v_actor := coalesce(
      auth.uid(),
      (select user_id from public.task_assignees where task_id = p_task_id order by assigned_at limit 1)
    );

    insert into public.conversations (organisation_id, is_group, name, created_by, task_id)
    values (v_task.organisation_id, true, v_task.title, v_actor, p_task_id)
    returning id into v_conversation_id;

    -- Beskeden indsættes før deltagerne, så ingen får notifikation for den.
    insert into public.messages (conversation_id, sender_id, content, message_type)
    values (v_conversation_id, v_actor, 'Gruppe oprettet for opgaven', 'system');
  end if;

  -- Tilmeldte, undtagen dem der selv har forladt chatten.
  insert into public.conversation_participants (conversation_id, user_id)
  select v_conversation_id, ta.user_id
  from public.task_assignees ta
  where ta.task_id = p_task_id
    and not exists (
      select 1 from public.conversation_opt_outs o
      where o.conversation_id = v_conversation_id and o.user_id = ta.user_id
    )
  on conflict (conversation_id, user_id) do nothing;

  delete from public.conversation_participants cp
  where cp.conversation_id = v_conversation_id
    and not exists (
      select 1 from public.task_assignees ta
      where ta.task_id = p_task_id and ta.user_id = cp.user_id
    );

  -- Afmeldt opgaven: fravalget glemmes, så en ny tilmelding melder ind igen.
  delete from public.conversation_opt_outs o
  where o.conversation_id = v_conversation_id
    and not exists (
      select 1 from public.task_assignees ta
      where ta.task_id = p_task_id and ta.user_id = o.user_id
    );

  -- Arkivering følger deltagernes valg (alle 'close' = arkiveret).
  perform public.sync_task_conversation_archive(v_conversation_id);
end;
$function$
"
function,sync_task_conversation_archive(p_conversation_id uuid),"CREATE OR REPLACE FUNCTION public.sync_task_conversation_archive(p_conversation_id uuid)
 RETURNS void
 LANGUAGE plpgsql
 SECURITY DEFINER
 SET search_path TO 'public'
AS $function$
begin
  if not exists (
    select 1 from public.conversation_participants where conversation_id = p_conversation_id
  ) then
    return;
  end if;

  if not exists (
    select 1 from public.conversation_participants
    where conversation_id = p_conversation_id
      and completion_choice is distinct from 'close'
  ) then
    update public.conversations
       set archived_at = coalesce(archived_at, now()),
           archived_by = coalesce(archived_by, auth.uid())
     where id = p_conversation_id
       and task_id is not null;
  else
    update public.conversations
       set archived_at = null, archived_by = null
     where id = p_conversation_id
       and task_id is not null
       and archived_at is not null;
  end if;
end;
$function$
"
function,sync_task_conversation_on_assignee_change(),"CREATE OR REPLACE FUNCTION public.sync_task_conversation_on_assignee_change()
 RETURNS trigger
 LANGUAGE plpgsql
 SECURITY DEFINER
 SET search_path TO 'public'
AS $function$
begin
  if tg_op = 'DELETE' then
    perform public.sync_task_conversation(old.task_id);
  else
    perform public.sync_task_conversation(new.task_id);
  end if;
  return null;
end;
$function$
"
function,transfer_admin_role(p_new_admin_user_id uuid),"CREATE OR REPLACE FUNCTION public.transfer_admin_role(p_new_admin_user_id uuid)
 RETURNS void
 LANGUAGE plpgsql
 SECURITY DEFINER
 SET search_path TO 'public'
AS $function$
declare
  v_caller_id uuid := auth.uid();
  v_org_id uuid;
  v_admin_role_id uuid;
  v_member_role_id uuid;
  v_target_membership_exists boolean;
begin
  if v_caller_id is null then
    raise exception 'Du skal være logget ind for at give admin-rollen videre.' using hint = 'NOT_LOGGED_IN_TRANSFER_ADMIN';
  end if;

  if p_new_admin_user_id = v_caller_id then
    raise exception 'Du er allerede administrator.' using hint = 'ALREADY_ADMIN';
  end if;

  v_org_id := public.auth_profile_org();
  if v_org_id is null then
    raise exception 'Du er ikke medlem af en organisation.' using hint = 'NO_ACTIVE_ORG';
  end if;

  if not public.has_privilege('admin') then
    raise exception 'Du skal være administrator for at give admin-rollen videre.' using hint = 'ADMIN_REQUIRED_TRANSFER_ADMIN';
  end if;

  select exists (
    select 1 from public.memberships
    where user_id = p_new_admin_user_id and organisation_id = v_org_id
  ) into v_target_membership_exists;

  if not v_target_membership_exists then
    raise exception 'Brugeren er ikke medlem af organisationen.' using hint = 'USER_NOT_MEMBER';
  end if;

  select id into v_admin_role_id from public.roles where organisation_id = v_org_id and name = 'Admin';
  select id into v_member_role_id from public.roles where organisation_id = v_org_id and name = 'Medlem';

  if v_admin_role_id is null or v_member_role_id is null then
    raise exception 'Organisationens standardroller mangler.' using hint = 'ORG_DEFAULT_ROLES_MISSING';
  end if;

  perform set_config('ponos.bypass_admin_protection', 'true', true);
  perform set_config('ponos.bypass_self_membership_role_change', 'true', true);

  update public.memberships
    set role_id = v_admin_role_id
    where user_id = p_new_admin_user_id and organisation_id = v_org_id;

  update public.memberships
    set role_id = v_member_role_id
    where user_id = v_caller_id and organisation_id = v_org_id;
end;
$function$
"
function,"update_task_material_status(p_task_material_id uuid, p_from_sta","CREATE OR REPLACE FUNCTION public.update_task_material_status(p_task_material_id uuid, p_from_status text, p_quantity numeric, p_status text)
 RETURNS void
 LANGUAGE plpgsql
 SECURITY DEFINER
 SET search_path TO 'public'
AS $function$
declare
  v_org_id uuid := public.auth_profile_org();
  v_task_id uuid;
  v_task_status public.e_task_status;
  v_total_linked numeric;
  v_unit record;
  v_remaining numeric;
  v_take numeric;
  v_unit_id uuid;
begin
  if v_org_id is null then
    raise exception 'Du er ikke medlem af en organisation.' using hint = 'NO_ACTIVE_ORG';
  end if;

  if p_quantity is null or p_quantity <= 0 then
    raise exception 'Mængden skal være større end 0.' using hint = 'INVALID_QUANTITY';
  end if;

  if not exists (select 1 from unnest(enum_range(null::public.e_item_status)) s where s::text = p_status)
     or not exists (select 1 from unnest(enum_range(null::public.e_item_status)) s where s::text = p_from_status) then
    raise exception 'Ugyldig status: %', p_status using hint = 'INVALID_OUTCOME_STATUS';
  end if;

  if p_status = p_from_status then
    raise exception 'Den nye status er den samme som den nuværende.' using hint = 'STATUS_UNCHANGED';
  end if;

  select tm.task_id, t.status into v_task_id, v_task_status
  from public.task_materials tm
  join public.tasks t on t.id = tm.task_id
  where tm.id = p_task_material_id and t.organisation_id = v_org_id;

  if v_task_id is null then
    raise exception 'Materiale-linjen findes ikke i din organisation.' using hint = 'TASK_MATERIAL_NOT_FOUND';
  end if;

  if v_task_status <> 'InProgress' then
    raise exception 'Materialets status kan kun ændres, mens opgaven er i gang.' using hint = 'TASK_NOT_IN_PROGRESS';
  end if;

  if not public.has_privilege_or_admin('update_tasks') then
    raise exception 'Du har ikke rettigheder til at ændre status på et materiale.'
      using errcode = '42501', hint = 'NO_PRIV_UPDATE_MATERIAL_STATUS';
  end if;

  -- Lås linkede rækker (samme mønster som apply_task_material_outcomes).
  perform 1 from public.data_layer_item_units
   where id in (select unit_id from public.task_material_units where task_material_id = p_task_material_id)
   for update;

  select coalesce(sum(u.quantity), 0) into v_total_linked
  from public.task_material_units tmu
  join public.data_layer_item_units u on u.id = tmu.unit_id
  where tmu.task_material_id = p_task_material_id
    and u.status::text = p_from_status;

  if p_quantity > v_total_linked then
    raise exception 'Mængden (%) overstiger hvad der er tilbage med denne status på materiale-linjen (%).', p_quantity, v_total_linked
      using hint = 'QUANTITY_EXCEEDS_LINKED_QUANTITY';
  end if;

  v_remaining := p_quantity;

  for v_unit in
    select u.id, u.quantity
    from public.task_material_units tmu
    join public.data_layer_item_units u on u.id = tmu.unit_id
    where tmu.task_material_id = p_task_material_id
      and u.status::text = p_from_status
    order by u.created_at
  loop
    exit when v_remaining <= 0;

    v_take := least(v_unit.quantity, v_remaining);

    if v_take = v_unit.quantity then
      v_unit_id := v_unit.id;
    else
      v_unit_id := public.split_unit_if_needed(v_unit.id, v_take);

      -- Ny, endnu ulinket split-række (resten beholder det oprindelige
      -- link) - link DENNE til samme materiale-linje, så den forbliver
      -- sporet til opgaven; kun status ændres.
      insert into public.task_material_units (task_material_id, unit_id)
      values (p_task_material_id, v_unit_id);
    end if;

    perform set_config('ponos.bypass_unit_status_guard', 'on', true);

    update public.data_layer_item_units
       set status = p_status::public.e_item_status
     where id = v_unit_id;

    perform set_config('ponos.bypass_unit_status_guard', 'off', true);

    v_remaining := v_remaining - v_take;
  end loop;
end;
$function$
"
function,"update_task_room(p_room_id uuid, p_name text, p_role_ids uuid[]","CREATE OR REPLACE FUNCTION public.update_task_room(p_room_id uuid, p_name text, p_role_ids uuid[])
 RETURNS task_rooms
 LANGUAGE plpgsql
 SECURITY DEFINER
 SET search_path TO 'public'
AS $function$
declare
  v_org  uuid := public.auth_profile_org();
  v_room public.task_rooms;
begin
  if v_org is null
    or not public.has_privilege_or_admin('update_tasks')
    or not public.can_access_task_room(p_room_id)
    or not exists (select 1 from public.task_rooms where id = p_room_id and organisation_id = v_org)
  then
    raise exception 'Du har ikke rettigheder til at redigere rummet.' using errcode = '42501';
  end if;

  if coalesce(trim(p_name), '') = '' then
    raise exception 'Rummet skal have et navn.';
  end if;

  if exists (
    select 1 from unnest(coalesce(p_role_ids, '{}')) r(id)
    where not exists (select 1 from public.roles where id = r.id and organisation_id = v_org)
  ) then
    raise exception 'En eller flere roller tilhører ikke organisationen.';
  end if;

  update public.task_rooms set name = trim(p_name)
  where id = p_room_id
  returning * into v_room;

  delete from public.task_room_roles where room_id = p_room_id;

  insert into public.task_room_roles (room_id, role_id)
  select distinct p_room_id, r.id from unnest(coalesce(p_role_ids, '{}')) r(id);

  perform public.sync_room_conversation(p_room_id);

  return v_room;
end;
$function$
"
function,validate_location_parent(),"CREATE OR REPLACE FUNCTION public.validate_location_parent()
 RETURNS trigger
 LANGUAGE plpgsql
 SECURITY DEFINER
 SET search_path TO 'public'
AS $function$
declare
  v_parent_org uuid;
  v_parent_has_parent boolean;
begin
  if new.parent_location_id is null then
    return new;
  end if;

  if new.parent_location_id = new.id then
    raise exception 'En lokation kan ikke være sin egen sektion.' using hint = 'LOCATION_OWN_PARENT';
  end if;

  select organisation_id, (parent_location_id is not null)
    into v_parent_org, v_parent_has_parent
  from public.locations
  where id = new.parent_location_id;

  if not found then
    raise exception 'Det valgte lager findes ikke.' using hint = 'LOCATION_PARENT_NOT_FOUND';
  end if;

  if v_parent_has_parent then
    raise exception 'En sektion kan ikke selv have underlokationer.' using hint = 'LOCATION_SECTION_NO_CHILDREN';
  end if;

  if v_parent_org is distinct from new.organisation_id then
    raise exception 'Sektionen skal høre til samme organisation som lageret.' using hint = 'LOCATION_SECTION_ORG_MISMATCH';
  end if;

  return new;
end;
$function$
"
trigger,auth.users :: on_auth_user_created,CREATE TRIGGER on_auth_user_created AFTER INSERT ON auth.users FOR EACH ROW EXECUTE FUNCTION handle_new_user()
trigger,public.conversation_participants :: archive_empty_group_convers,CREATE TRIGGER archive_empty_group_conversation_trigger AFTER DELETE ON public.conversation_participants FOR EACH ROW EXECUTE FUNCTION archive_empty_group_conversation()
trigger,public.data_layer_item_units :: trg_prevent_direct_status_chang,CREATE TRIGGER trg_prevent_direct_status_change_on_reserved_unit BEFORE UPDATE OF status ON public.data_layer_item_units FOR EACH ROW EXECUTE FUNCTION prevent_direct_status_change_on_reserved_unit()
trigger,public.data_layer_item_units :: trg_sync_item_unit_organisation,CREATE TRIGGER trg_sync_item_unit_organisation BEFORE INSERT OR UPDATE OF item_id ON public.data_layer_item_units FOR EACH ROW EXECUTE FUNCTION sync_item_unit_organisation()
trigger,public.data_layer_item_units :: trg_sync_status_from_contents,"CREATE TRIGGER trg_sync_status_from_contents BEFORE UPDATE OF contents_remaining, quantity ON public.data_layer_item_units FOR EACH ROW EXECUTE FUNCTION sync_status_from_contents()"
trigger,public.data_layer_items :: trg_sync_item_organisation,CREATE TRIGGER trg_sync_item_organisation BEFORE INSERT OR UPDATE OF category_id ON public.data_layer_items FOR EACH ROW EXECUTE FUNCTION sync_item_organisation()
trigger,public.locations :: trg_validate_location_parent,"CREATE TRIGGER trg_validate_location_parent BEFORE INSERT OR UPDATE OF parent_location_id, organisation_id ON public.locations FOR EACH ROW EXECUTE FUNCTION validate_location_parent()"
trigger,public.membership_invitations :: trg_membership_invitation_stat,CREATE TRIGGER trg_membership_invitation_status_change BEFORE UPDATE ON public.membership_invitations FOR EACH ROW EXECUTE FUNCTION handle_membership_invitation_status_change()
trigger,public.membership_invitations :: trg_notify_membership_invitati,CREATE TRIGGER trg_notify_membership_invitation AFTER INSERT ON public.membership_invitations FOR EACH ROW EXECUTE FUNCTION notify_membership_invitation()
trigger,public.membership_invitations :: trg_sync_membership_invitation,CREATE TRIGGER trg_sync_membership_invitation_notification AFTER DELETE OR UPDATE OF status ON public.membership_invitations FOR EACH ROW EXECUTE FUNCTION sync_membership_invitation_notification()
trigger,public.membership_requests :: trg_membership_request_status_cha,CREATE TRIGGER trg_membership_request_status_change BEFORE UPDATE ON public.membership_requests FOR EACH ROW EXECUTE FUNCTION handle_membership_request_status_change()
trigger,public.memberships :: trg_prevent_non_admin_role_change_on_admi,CREATE TRIGGER trg_prevent_non_admin_role_change_on_admin_membership BEFORE UPDATE OF role_id ON public.memberships FOR EACH ROW EXECUTE FUNCTION prevent_non_admin_role_change_on_admin_membership()
trigger,public.memberships :: trg_prevent_self_membership_role_change,CREATE TRIGGER trg_prevent_self_membership_role_change BEFORE UPDATE ON public.memberships FOR EACH ROW EXECUTE FUNCTION prevent_self_membership_role_change()
trigger,public.messages :: trg_notify_new_message,CREATE TRIGGER trg_notify_new_message AFTER INSERT ON public.messages FOR EACH ROW EXECUTE FUNCTION notify_new_message()
trigger,public.news :: trg_notify_news_published,CREATE TRIGGER trg_notify_news_published AFTER INSERT ON public.news FOR EACH ROW EXECUTE FUNCTION notify_news_published()
trigger,public.notifications :: trg_skip_muted_notification,CREATE TRIGGER trg_skip_muted_notification BEFORE INSERT ON public.notifications FOR EACH ROW EXECUTE FUNCTION skip_muted_notification()
trigger,public.privileges :: trg_prevent_admin_privilege_change,CREATE TRIGGER trg_prevent_admin_privilege_change BEFORE DELETE OR UPDATE ON public.privileges FOR EACH ROW EXECUTE FUNCTION prevent_admin_privilege_change()
trigger,public.privileges :: trg_prevent_default_role_privilege_change,CREATE TRIGGER trg_prevent_default_role_privilege_change BEFORE INSERT OR DELETE OR UPDATE ON public.privileges FOR EACH ROW EXECUTE FUNCTION prevent_default_role_privilege_change()
trigger,public.profiles :: trg_prevent_self_role_org_change,CREATE TRIGGER trg_prevent_self_role_org_change BEFORE UPDATE ON public.profiles FOR EACH ROW EXECUTE FUNCTION prevent_self_role_org_change()
trigger,public.roles :: trg_prevent_admin_role_change,CREATE TRIGGER trg_prevent_admin_role_change BEFORE DELETE OR UPDATE ON public.roles FOR EACH ROW EXECUTE FUNCTION prevent_admin_role_change()
trigger,public.roles :: trg_prevent_default_role_change,CREATE TRIGGER trg_prevent_default_role_change BEFORE DELETE OR UPDATE ON public.roles FOR EACH ROW EXECUTE FUNCTION prevent_default_role_change()
trigger,public.roles :: trg_reassign_members_before_role_delete,CREATE TRIGGER trg_reassign_members_before_role_delete BEFORE DELETE ON public.roles FOR EACH ROW EXECUTE FUNCTION reassign_members_before_role_delete()
trigger,public.task_assignees :: trg_notify_task_assigned,CREATE TRIGGER trg_notify_task_assigned AFTER INSERT ON public.task_assignees FOR EACH ROW EXECUTE FUNCTION notify_task_assigned()
trigger,public.task_assignees :: trg_set_task_assignee_assigned_by,CREATE TRIGGER trg_set_task_assignee_assigned_by BEFORE INSERT ON public.task_assignees FOR EACH ROW EXECUTE FUNCTION set_task_assignee_assigned_by()
trigger,public.task_assignees :: trg_sync_task_conversation,CREATE TRIGGER trg_sync_task_conversation AFTER INSERT OR DELETE ON public.task_assignees FOR EACH ROW EXECUTE FUNCTION sync_task_conversation_on_assignee_change()
trigger,public.task_materials :: trg_release_units_on_task_material_del,CREATE TRIGGER trg_release_units_on_task_material_delete BEFORE DELETE ON public.task_materials FOR EACH ROW EXECUTE FUNCTION release_units_on_task_material_delete()
trigger,public.tasks :: trg_notify_task_completed,CREATE TRIGGER trg_notify_task_completed AFTER UPDATE OF status ON public.tasks FOR EACH ROW EXECUTE FUNCTION notify_task_completed()
trigger,public.tasks :: trg_notify_task_created_in_favorite_room,CREATE TRIGGER trg_notify_task_created_in_favorite_room AFTER INSERT ON public.tasks FOR EACH ROW WHEN ((new.room_id IS NOT NULL)) EXECUTE FUNCTION notify_task_created_in_favorite_room()
trigger,public.tasks :: trg_notify_task_updated,"CREATE TRIGGER trg_notify_task_updated AFTER UPDATE OF title, description, start_date, end_date, priority, max_assignees, room_id ON public.tasks FOR EACH ROW EXECUTE FUNCTION notify_task_updated()"
trigger,public.tasks :: trg_task_conversation_changes,"CREATE TRIGGER trg_task_conversation_changes AFTER UPDATE OF title, status ON public.tasks FOR EACH ROW EXECUTE FUNCTION handle_task_conversation_changes()"
function_grant,add_group_participants,service_role -> EXECUTE
function_grant,add_group_participants,authenticated -> EXECUTE
function_grant,add_item_with_units,service_role -> EXECUTE
function_grant,add_item_with_units,anon -> EXECUTE
function_grant,add_item_with_units,authenticated -> EXECUTE
function_grant,apply_task_material_outcomes,authenticated -> EXECUTE
function_grant,apply_task_material_outcomes,service_role -> EXECUTE
function_grant,apply_task_material_outcomes,anon -> EXECUTE
function_grant,approve_task_request,service_role -> EXECUTE
function_grant,approve_task_request,authenticated -> EXECUTE
function_grant,archive_empty_group_conversation,service_role -> EXECUTE
function_grant,assert_task_materials_resolved,anon -> EXECUTE
function_grant,assert_task_materials_resolved,authenticated -> EXECUTE
function_grant,assert_task_materials_resolved,service_role -> EXECUTE
function_grant,auth_profile_org,authenticated -> EXECUTE
function_grant,auth_profile_org,service_role -> EXECUTE
function_grant,auth_profile_org,anon -> EXECUTE
function_grant,can_access_task_room,service_role -> EXECUTE
function_grant,can_access_task_room,authenticated -> EXECUTE
function_grant,can_access_task_room,anon -> EXECUTE
function_grant,can_write_conversation,service_role -> EXECUTE
function_grant,can_write_conversation,authenticated -> EXECUTE
function_grant,can_write_conversation,anon -> EXECUTE
function_grant,conversation_in_active_org,service_role -> EXECUTE
function_grant,conversation_in_active_org,authenticated -> EXECUTE
function_grant,conversation_room_access_ok,service_role -> EXECUTE
function_grant,conversation_room_access_ok,authenticated -> EXECUTE
function_grant,conversation_room_access_ok,anon -> EXECUTE
function_grant,create_group_conversation,authenticated -> EXECUTE
function_grant,create_group_conversation,anon -> EXECUTE
function_grant,create_group_conversation,service_role -> EXECUTE
function_grant,create_organisation,service_role -> EXECUTE
function_grant,create_organisation,authenticated -> EXECUTE
function_grant,create_organisation,anon -> EXECUTE
function_grant,create_role_with_privileges,authenticated -> EXECUTE
function_grant,create_role_with_privileges,service_role -> EXECUTE
function_grant,create_role_with_privileges,anon -> EXECUTE
function_grant,create_task_room,anon -> EXECUTE
function_grant,create_task_room,authenticated -> EXECUTE
function_grant,create_task_room,service_role -> EXECUTE
function_grant,delete_message,authenticated -> EXECUTE
function_grant,delete_message,service_role -> EXECUTE
function_grant,delete_message,anon -> EXECUTE
function_grant,delete_organisation,anon -> EXECUTE
function_grant,delete_organisation,authenticated -> EXECUTE
function_grant,delete_organisation,service_role -> EXECUTE
function_grant,edit_message,anon -> EXECUTE
function_grant,edit_message,authenticated -> EXECUTE
function_grant,edit_message,service_role -> EXECUTE
function_grant,get_my_conversations,authenticated -> EXECUTE
function_grant,get_my_conversations,service_role -> EXECUTE
function_grant,get_my_memberships,anon -> EXECUTE
function_grant,get_my_memberships,authenticated -> EXECUTE
function_grant,get_my_memberships,service_role -> EXECUTE
function_grant,get_or_create_direct_conversation,authenticated -> EXECUTE
function_grant,get_or_create_direct_conversation,service_role -> EXECUTE
function_grant,get_or_join_room_conversation,authenticated -> EXECUTE
function_grant,get_or_join_room_conversation,service_role -> EXECUTE
function_grant,get_pending_task_requests,service_role -> EXECUTE
function_grant,get_pending_task_requests,authenticated -> EXECUTE
function_grant,get_statistics,authenticated -> EXECUTE
function_grant,get_statistics,service_role -> EXECUTE
function_grant,get_task_request_details,authenticated -> EXECUTE
function_grant,get_task_request_details,service_role -> EXECUTE
function_grant,handle_membership_invitation_status_change,service_role -> EXECUTE
function_grant,handle_membership_invitation_status_change,anon -> EXECUTE
function_grant,handle_membership_invitation_status_change,authenticated -> EXECUTE
function_grant,handle_membership_request_status_change,service_role -> EXECUTE
function_grant,handle_membership_request_status_change,authenticated -> EXECUTE
function_grant,handle_membership_request_status_change,anon -> EXECUTE
function_grant,handle_new_user,service_role -> EXECUTE
function_grant,handle_new_user,authenticated -> EXECUTE
function_grant,handle_new_user,anon -> EXECUTE
function_grant,handle_task_conversation_changes,service_role -> EXECUTE
function_grant,has_privilege,authenticated -> EXECUTE
function_grant,has_privilege,service_role -> EXECUTE
function_grant,has_privilege,anon -> EXECUTE
function_grant,has_privilege_or_admin,authenticated -> EXECUTE
function_grant,has_privilege_or_admin,anon -> EXECUTE
function_grant,has_privilege_or_admin,service_role -> EXECUTE
function_grant,invite_member,authenticated -> EXECUTE
function_grant,invite_member,anon -> EXECUTE
function_grant,invite_member,service_role -> EXECUTE
function_grant,is_conversation_participant,anon -> EXECUTE
function_grant,is_conversation_participant,authenticated -> EXECUTE
function_grant,is_conversation_participant,service_role -> EXECUTE
function_grant,is_organisation_admin,service_role -> EXECUTE
function_grant,is_organisation_admin,authenticated -> EXECUTE
function_grant,is_pending_requester_to_my_org,anon -> EXECUTE
function_grant,is_pending_requester_to_my_org,authenticated -> EXECUTE
function_grant,is_pending_requester_to_my_org,service_role -> EXECUTE
function_grant,is_task_assignee,authenticated -> EXECUTE
function_grant,is_task_assignee,service_role -> EXECUTE
function_grant,is_task_assignee,anon -> EXECUTE
function_grant,join_task_conversation,authenticated -> EXECUTE
function_grant,join_task_conversation,service_role -> EXECUTE
function_grant,leave_group_conversation,authenticated -> EXECUTE
function_grant,leave_group_conversation,service_role -> EXECUTE
function_grant,leave_organisation,authenticated -> EXECUTE
function_grant,leave_organisation,service_role -> EXECUTE
function_grant,leave_organisation,anon -> EXECUTE
function_grant,mark_conversation_read,anon -> EXECUTE
function_grant,mark_conversation_read,service_role -> EXECUTE
function_grant,mark_conversation_read,authenticated -> EXECUTE
function_grant,member_can_access_room,service_role -> EXECUTE
function_grant,notify_membership_invitation,anon -> EXECUTE
function_grant,notify_membership_invitation,authenticated -> EXECUTE
function_grant,notify_membership_invitation,service_role -> EXECUTE
function_grant,notify_new_message,service_role -> EXECUTE
function_grant,notify_news_published,service_role -> EXECUTE
function_grant,notify_news_published,anon -> EXECUTE
function_grant,notify_news_published,authenticated -> EXECUTE
function_grant,notify_task_assigned,service_role -> EXECUTE
function_grant,notify_task_completed,service_role -> EXECUTE
function_grant,notify_task_created_in_favorite_room,service_role -> EXECUTE
function_grant,notify_task_created_in_favorite_room,anon -> EXECUTE
function_grant,notify_task_created_in_favorite_room,authenticated -> EXECUTE
function_grant,notify_task_updated,service_role -> EXECUTE
function_grant,prevent_admin_privilege_change,authenticated -> EXECUTE
function_grant,prevent_admin_privilege_change,anon -> EXECUTE
function_grant,prevent_admin_privilege_change,service_role -> EXECUTE
function_grant,prevent_admin_role_change,service_role -> EXECUTE
function_grant,prevent_admin_role_change,authenticated -> EXECUTE
function_grant,prevent_admin_role_change,anon -> EXECUTE
function_grant,prevent_default_role_change,anon -> EXECUTE
function_grant,prevent_default_role_change,service_role -> EXECUTE
function_grant,prevent_default_role_change,authenticated -> EXECUTE
function_grant,prevent_default_role_privilege_change,authenticated -> EXECUTE
function_grant,prevent_default_role_privilege_change,service_role -> EXECUTE
function_grant,prevent_default_role_privilege_change,anon -> EXECUTE
function_grant,prevent_direct_status_change_on_reserved_unit,anon -> EXECUTE
function_grant,prevent_direct_status_change_on_reserved_unit,service_role -> EXECUTE
function_grant,prevent_direct_status_change_on_reserved_unit,authenticated -> EXECUTE
function_grant,prevent_non_admin_role_change_on_admin_membership,anon -> EXECUTE
function_grant,prevent_non_admin_role_change_on_admin_membership,service_role -> EXECUTE
function_grant,prevent_non_admin_role_change_on_admin_membership,authenticated -> EXECUTE
function_grant,prevent_self_membership_role_change,authenticated -> EXECUTE
function_grant,prevent_self_membership_role_change,anon -> EXECUTE
function_grant,prevent_self_membership_role_change,service_role -> EXECUTE
function_grant,prevent_self_role_org_change,service_role -> EXECUTE
function_grant,prevent_self_role_org_change,authenticated -> EXECUTE
function_grant,prevent_self_role_org_change,anon -> EXECUTE
function_grant,reassign_members_before_role_delete,authenticated -> EXECUTE
function_grant,reassign_members_before_role_delete,anon -> EXECUTE
function_grant,reassign_members_before_role_delete,service_role -> EXECUTE
function_grant,reject_task_request,authenticated -> EXECUTE
function_grant,reject_task_request,service_role -> EXECUTE
function_grant,release_item_units,anon -> EXECUTE
function_grant,release_item_units,authenticated -> EXECUTE
function_grant,release_item_units,service_role -> EXECUTE
function_grant,release_units_on_task_material_delete,authenticated -> EXECUTE
function_grant,release_units_on_task_material_delete,anon -> EXECUTE
function_grant,release_units_on_task_material_delete,service_role -> EXECUTE
function_grant,remove_group_participant,anon -> EXECUTE
function_grant,remove_group_participant,service_role -> EXECUTE
function_grant,remove_group_participant,authenticated -> EXECUTE
function_grant,remove_member,authenticated -> EXECUTE
function_grant,remove_member,service_role -> EXECUTE
function_grant,remove_member,anon -> EXECUTE
function_grant,rename_group_conversation,service_role -> EXECUTE
function_grant,rename_group_conversation,anon -> EXECUTE
function_grant,rename_group_conversation,authenticated -> EXECUTE
function_grant,reserve_item_units,service_role -> EXECUTE
function_grant,reserve_item_units,authenticated -> EXECUTE
function_grant,reserve_item_units,anon -> EXECUTE
function_grant,reset_password_prototype,anon -> EXECUTE
function_grant,reset_password_prototype,service_role -> EXECUTE
function_grant,reset_password_prototype,authenticated -> EXECUTE
function_grant,resolve_task_material_units,anon -> EXECUTE
function_grant,resolve_task_material_units,authenticated -> EXECUTE
function_grant,resolve_task_material_units,service_role -> EXECUTE
function_grant,role_has_privilege,anon -> EXECUTE
function_grant,role_has_privilege,service_role -> EXECUTE
function_grant,role_has_privilege,authenticated -> EXECUTE
function_grant,save_statistics_snapshot,service_role -> EXECUTE
function_grant,save_statistics_snapshot,authenticated -> EXECUTE
function_grant,set_active_organisation,authenticated -> EXECUTE
function_grant,set_active_organisation,anon -> EXECUTE
function_grant,set_active_organisation,service_role -> EXECUTE
function_grant,set_task_assignee_assigned_by,service_role -> EXECUTE
function_grant,set_task_assignee_assigned_by,authenticated -> EXECUTE
function_grant,set_task_assignee_assigned_by,anon -> EXECUTE
function_grant,set_task_chat_choice,authenticated -> EXECUTE
function_grant,set_task_chat_choice,service_role -> EXECUTE
function_grant,set_task_status,service_role -> EXECUTE
function_grant,set_task_status,authenticated -> EXECUTE
function_grant,set_task_status,anon -> EXECUTE
function_grant,skip_muted_notification,anon -> EXECUTE
function_grant,skip_muted_notification,service_role -> EXECUTE
function_grant,skip_muted_notification,authenticated -> EXECUTE
function_grant,split_unit_if_needed,authenticated -> EXECUTE
function_grant,split_unit_if_needed,anon -> EXECUTE
function_grant,split_unit_if_needed,service_role -> EXECUTE
function_grant,statistics_payload,service_role -> EXECUTE
function_grant,sync_item_organisation,service_role -> EXECUTE
function_grant,sync_item_organisation,authenticated -> EXECUTE
function_grant,sync_item_organisation,anon -> EXECUTE
function_grant,sync_item_unit_organisation,service_role -> EXECUTE
function_grant,sync_item_unit_organisation,authenticated -> EXECUTE
function_grant,sync_item_unit_organisation,anon -> EXECUTE
function_grant,sync_membership_invitation_notification,anon -> EXECUTE
function_grant,sync_membership_invitation_notification,service_role -> EXECUTE
function_grant,sync_membership_invitation_notification,authenticated -> EXECUTE
function_grant,sync_room_conversation,service_role -> EXECUTE
function_grant,sync_status_from_contents,service_role -> EXECUTE
function_grant,sync_status_from_contents,authenticated -> EXECUTE
function_grant,sync_status_from_contents,anon -> EXECUTE
function_grant,sync_task_conversation,service_role -> EXECUTE
function_grant,sync_task_conversation_archive,service_role -> EXECUTE
function_grant,sync_task_conversation_on_assignee_change,service_role -> EXECUTE
function_grant,transfer_admin_role,authenticated -> EXECUTE
function_grant,transfer_admin_role,service_role -> EXECUTE
function_grant,transfer_admin_role,anon -> EXECUTE
function_grant,update_task_material_status,authenticated -> EXECUTE
function_grant,update_task_material_status,service_role -> EXECUTE
function_grant,update_task_material_status,anon -> EXECUTE
function_grant,update_task_room,authenticated -> EXECUTE
function_grant,update_task_room,anon -> EXECUTE
function_grant,update_task_room,service_role -> EXECUTE
function_grant,validate_location_parent,service_role -> EXECUTE
function_grant,validate_location_parent,anon -> EXECUTE
function_grant,validate_location_parent,authenticated -> EXECUTE